module,key,english,lao,priority
"admin","admin.ClaimAdministratorFormPanel.title","Claim Administrator","",1
"admin","admin.EnrolmentOfficerFormPanel.substitutionOfficer","Substitution Officer","",1
"admin","admin.EnrolmentOfficerFormPanel.substitutionOfficer.placeholder","Search for an Officer...","",1
"admin","admin.EnrolmentOfficerFormPanel.title","Enrolment Officer","",1
"admin","admin.EnrolmentOfficerPicker.closeText","Close","",1
"admin","admin.EnrolmentOfficerPicker.label","Select an Officer","",1
"admin","admin.EnrolmentZonesPicker.table.addButton","Add a municipality","",1
"admin","admin.InteractiveUserFormPanel.title","Interactive User","",1
"admin","admin.mainMenu","Administration","",1
"admin","admin.menu.claimAdministrators","Claim Administrators","",1
"admin","admin.menu.enrollmentOfficers","Enrollment Officers","",1
"admin","admin.menu.healthFacilities","Health Facilities","",1
"admin","admin.menu.locations","Locations","",1
"admin","admin.menu.medicalItems","Medical Items","",1
"admin","admin.menu.medicalItemsPrices","Medical Items Price Lists","",1
"admin","admin.menu.medicalServices","Medical Services","",1
"admin","admin.menu.medicalServicesPrices","Medical Services Price Lists","",1
"admin","admin.menu.payers","Payers","",1
"admin","admin.menu.products","Products","",1
"admin","admin.menu.users","Users","",1
"admin","admin.menu.usersProfiles","Users Profiles","",1
"admin","admin.password.unknownScore","Unknown score.","",1
"admin","admin.PaymentPointManagerPicker.label","Payment Point Manager","",1
"admin","admin.PaymentPointManagerPicker.placeholder","Search for an PPM...","",1
"admin","admin.user.addNewUser.tooltip","Add new user","",1
"admin","admin.user.addNewUserTooltip","Add new user","",1
"admin","admin.user.address","Address","",1
"admin","admin.user.createUser.mutationLabel","Create user","",1
"admin","admin.user.CreateUser.mutationLabel","Create user","",1
"admin","admin.user.deleteDialog.message","Are you sure you want to delete this user?","",1
"admin","admin.user.deleteDialog.title","Delete user","",1
"admin","admin.user.deleteDialog.yes.button","Yes","",1
"admin","admin.user.deleteUser.buttonText","Delete","",1
"admin","admin.user.deleteUser.tooltip","Delete user","",1
"admin","admin.user.deleteUserDialog.message","Are you sure you want to delete this user?","",1
"admin","admin.user.lastName","admin.user.otherNames","",1
"admin","admin.user.openInNewTab.buttonText","Open in new tab","",1
"admin","admin.user.openNewTab.buttonText","Open","",1
"admin","admin.user.updateUser.mutationLabel","Update user","",1
"admin","admin.user.username","User name","",1
"admin","admin.user.UserOverview.title","admin.user.UserOverview.newTitle","",1
"admin","admin.user.userRoles.placeholder","Select User Role(s)","",1
"admin","admin.user.userTypes.none"," ","",1
"admin","admin.user.userTypes.noOptions","No user type found","",1
"admin","admin.UserFilter.showDeleted","Show Deleted","",1
"admin","admin.UserPicker.closeText","Close","",1
"admin","admin.UserPicker.label","User","",1
"calculation","calculation.gql_mutation_update_calculation_rule_perms","Calculation | Mutation Update Calculation Rule","",1
"claim","claim.approvalStatus","Approval Status","",1
"claim","claim.approvalStatus.1","Passed","",1
"claim","claim.approvalStatus.2","Rejected","",1
"claim","claim.approvalStatus.null"," ","",1
"claim","claim.attachments.title","Attachments of claim {code}","",1
"claim","claim.attachmentStatus.1","With attachment","",1
"claim","claim.attachmentStatus.2","Without attachment","",1
"claim","claim.attachmentStatus.null","All","",1
"claim","claim.attachmentType.Diagnosis","Diagnosis","",1
"claim","claim.BypassClaimFeedback.mutationLabel","Bypass claim {code} feedback","",1
"claim","claim.BypassClaimsFeedback.mutationLabel","Bypassed {count} claims feedbacks","",1
"claim","claim.calculateAge.util.dobNotProvided","Date of birth not provided","",1
"claim","claim.claim_print_perms","Claim | Claim Print","",1
"claim","claim.ClaimAdminPicker.label","Claim Administrator","",1
"claim","claim.ClaimAdminPicker.placeholder","Search a Claim Administrator","",1
"claim","claim.ClaimAttachment.create.mutationLabel","Added attachment {file} to claim {code}","",1
"claim","claim.claimAttachment.date","Date","",1
"claim","claim.ClaimAttachment.delete.mutationLabel","Deleted attachment {file} from claim {code}","",1
"claim","claim.claimAttachment.fileName","Attachment","",1
"claim","claim.claimAttachment.title","Title","",1
"claim","claim.ClaimAttachment.update.mutationLabel","Updated attachment {file} of claim {code}","",1
"claim","claim.ClaimChildPanel.review.explanationRequired","Explanation required if provided quantity is greater than {threshold}.","",1
"claim","claim.claimedDate","Date Claimed","",1
"claim","claim.claimFeedback.buttonText","Feedback","",1
"claim","claim.ClaimFilter.claimedDateFrom","Claimed From","",1
"claim","claim.ClaimFilter.claimedDateTo","Claimed To","",1
"claim","claim.ClaimFilter.claimNo","Claim No.","",1
"claim","claim.ClaimFilter.processedDateFrom","Processed From","",1
"claim","claim.ClaimFilter.processedDateTo","Processed To","",1
"claim","claim.ClaimFilter.randomFilter.invalidAlert.title","Invalid random filtering!","",1
"claim","claim.ClaimFilter.randomFilter.zeroAlert.title","Invalid random filtering!","",1
"claim","claim.ClaimHistoryModal.title","History of Claim {code}","",1
"claim","claim.ClaimHistoryReport.claimStatus","Claim Status","",1
"claim","claim.ClaimHistoryReport.claimStatus.1","Rejected","",1
"claim","claim.ClaimHistoryReport.claimStatus.16","Valuated","",1
"claim","claim.ClaimHistoryReport.claimStatus.2","Entered","",1
"claim","claim.ClaimHistoryReport.claimStatus.4","Checked","",1
"claim","claim.ClaimHistoryReport.claimStatus.8","Processed","",1
"claim","claim.ClaimHistoryReport.claimStatus.null","Any","",1
"claim","claim.ClaimHistoryReport.dateEnd","Date To","",1
"claim","claim.ClaimHistoryReport.dateStart","Date From","",1
"claim","claim.ClaimMasterPanelExt.InsureeLastVisit.claimCode","Claim No.","",1
"claim","claim.ClaimMasterPanelExt.InsureeLastVisit.header","Insuree Last Visit","",1
"claim","claim.ClaimMasterPanelExt.InsureePolicyEligibilitySummary.header","Policy Information","",1
"claim","claim.ClaimMasterPanelExt.InsureePolicyEligibilitySummaryActive.header","Policy Information (Active)","",1
"claim","claim.ClaimMasterPanelExt.InsureePolicyEligibilitySummaryInactive.header","Policy Information (Inactive)","",1
"claim","claim.ClaimOfficerPicker.label","Enrolment Officer","",1
"claim","claim.ClaimOfficerPicker.placeholder","Search an Enrolment Officer","",1
"claim","claim.ClaimPercentageReferralsReport.dateEnd","Date To","",1
"claim","claim.ClaimPercentageReferralsReport.dateStart","Date From","",1
"claim","claim.claimReview.buttonText","Review","",1
"claim","claim.ClaimsOverviewReport.claimStatus","Claim Status","",1
"claim","claim.ClaimsOverviewReport.claimStatus.1","Rejected","",1
"claim","claim.ClaimsOverviewReport.claimStatus.16","Valuated","",1
"claim","claim.ClaimsOverviewReport.claimStatus.2","Entered","",1
"claim","claim.ClaimsOverviewReport.claimStatus.4","Checked","",1
"claim","claim.ClaimsOverviewReport.claimStatus.8","Processed","",1
"claim","claim.ClaimsOverviewReport.claimStatus.null","Any","",1
"claim","claim.ClaimsOverviewReport.dateEnd","Date To","",1
"claim","claim.ClaimsOverviewReport.dateStart","Date From","",1
"claim","claim.claimStatus","Claim Status","",1
"claim","claim.claimStatus.1","Rejected","",1
"claim","claim.claimStatus.16","Valuated","",1
"claim","claim.claimStatus.2","Entered","",1
"claim","claim.claimStatus.4","Checked","",1
"claim","claim.claimStatus.8","Processed","",1
"claim","claim.claimStatus.null","Any","",1
"claim","claim.claimSummaries.claimedDate","Claimed Date","",1
"claim","claim.claimSummaries.claimStatus","Status","",1
"claim","claim.claimSummaries.code","Claim No.","",1
"claim","claim.claimSummaries.deleteSelected","Delete Selected","",1
"claim","claim.claimSummaries.feedbackStatus","Feedback Status","",1
"claim","claim.claimSummaries.markBypassedFeedback","Bypass Feedback","",1
"claim","claim.claimSummaries.markSelectedForFeedback","Select For Feedback","",1
"claim","claim.claimSummaries.markSkippedFeedback","Skip Feedback","",1
"claim","claim.claimSummaries.processedDate","Processed On","",1
"claim","claim.claimSummaries.reviewStatus","Review Status","",1
"claim","claim.claimSummaries.submitAll","Submit All","",1
"claim","claim.claimSummaries.submitSelected","Submit Selected","",1
"claim","claim.code","Claim No.","",1
"claim","claim.CreateClaim.mutationLabel","Create Claim - {code}","",1
"claim","claim.deleteClaim.confirm.message","Are you sure you want to delete claim {code}?","",1
"claim","claim.deleteClaim.confirm.title","Delete Claim","",1
"claim","claim.DeleteClaim.mutationLabel","Delete claim {code}","",1
"claim","claim.deleteClaimAttachment.confirm.message","Are you sure you want to delete claim attachment {file}?","",1
"claim","claim.deleteClaimAttachment.confirm.title","Delete Claim Attachment","",1
"claim","claim.deleteClaims.confirm.message","Are you sure you want to delete {count} claims?","",1
"claim","claim.deleteClaims.confirm.title","Delete Claims","",1
"claim","claim.DeleteClaims.mutationLabel","Deleted {count} claims","",1
"claim","claim.deleteHealthFacility.textButton","Delete","",1
"claim","claim.DeliverClaimFeedback.mutationLabel","Deliver claim {code} feedback","",1
"claim","claim.duplicate.buttonText","Duplicate","",1
"claim","claim.edit.claimCodeExists","Claim code already registered","",1
"claim","claim.edit.duplicate","Duplicate the claim","",1
"claim","claim.edit.items.appPrice","App. Price","",1
"claim","claim.edit.items.appQuantity","App. Quantity","",1
"claim","claim.edit.items.delete"," ","",1
"claim","claim.edit.items.explanation","Explanation","",1
"claim","claim.edit.items.fetchingPricelist"," (fetching prices list…)","",1
"claim","claim.edit.items.item","Item","",1
"claim","claim.edit.items.justification","Justification","",1
"claim","claim.edit.items.price","Price","",1
"claim","claim.edit.items.pricevaluated","Valuated","",1
"claim","claim.edit.items.quantity","Quantity","",1
"claim","claim.edit.items.rejectall","Reject All items","",1
"claim","claim.edit.items.rejectionReason","R","",1
"claim","claim.edit.items.status","Status","",1
"claim","claim.edit.items.title","Items","",1
"claim","claim.edit.items.totalApproved","Total Approved: {totalApproved}","",1
"claim","claim.edit.items.totalClaimed","Total Claimed: {totalClaimed}","",1
"claim","claim.edit.page.title","Claim {code}","",1
"claim","claim.edit.renew","Add new claim","",1
"claim","claim.edit.restore","Restore the claim","",1
"claim","claim.edit.services.appPrice","App. Price","",1
"claim","claim.edit.services.appQuantity","App. Quantity","",1
"claim","claim.edit.services.delete"," ","",1
"claim","claim.edit.services.explanation","Explanation","",1
"claim","claim.edit.services.fetchingPricelist"," (fetching prices list…)","",1
"claim","claim.edit.services.justification","Justification","",1
"claim","claim.edit.services.MaxApproved","Quantity set is more than quantity approved for this element. You will be reimbursed only for {totalApproved} element(s)","",1
"claim","claim.edit.services.price","Price","",1
"claim","claim.edit.services.pricevaluated","Valuated","",1
"claim","claim.edit.services.quantity","Quantity","",1
"claim","claim.edit.services.rejectall","Reject all Services","",1
"claim","claim.edit.services.rejectionReason","R","",1
"claim","claim.edit.services.service","Service","",1
"claim","claim.edit.services.status","Status","",1
"claim","claim.edit.services.title","Services","",1
"claim","claim.edit.services.totalApproved","Total Approved: {totalApproved}","",1
"claim","claim.edit.services.totalClaimed","Total Claimed: {totalClaimed}","",1
"claim","claim.edit.title","Claim {code}","",1
"claim","claim.expiryDate","Expiry Date","",1
"claim","claim.Feedback","Feedback","",1
"claim","claim.Feedback.careRendered","Care Rendered","",1
"claim","claim.Feedback.date","Feedback Date","",1
"claim","claim.Feedback.drugPrescribed","Drugs Prescribed","",1
"claim","claim.Feedback.drugReceived","Drugs Received","",1
"claim","claim.Feedback.enrollmentOfficer","Enrollment Officer","",1
"claim","claim.Feedback.overallAssesment","Overall Assessment","",1
"claim","claim.Feedback.OverallAssesment.-1","Unknown","",1
"claim","claim.Feedback.OverallAssesment.0","Very Bad","",1
"claim","claim.Feedback.OverallAssesment.1","Bad","",1
"claim","claim.Feedback.OverallAssesment.2","Not So Bad","",1
"claim","claim.Feedback.OverallAssesment.3","Not So Good","",1
"claim","claim.Feedback.OverallAssesment.4","Good","",1
"claim","claim.Feedback.OverallAssesment.5","Very Good","",1
"claim","claim.Feedback.paymentAsked","Payment Asked","",1
"claim","claim.Feedback.Tristate.-1","Unknown","",1
"claim","claim.Feedback.Tristate.0","No","",1
"claim","claim.Feedback.Tristate.1","Yes","",1
"claim","claim.feedbackButton.tooltip","Deliver Feedback","",1
"claim","claim.feedbackStatus","Feedback Status","",1
"claim","claim.feedbackStatus.1","Idle","",1
"claim","claim.feedbackStatus.16","Bypassed","",1
"claim","claim.feedbackStatus.2","Not Selected","",1
"claim","claim.feedbackStatus.4","Selected","",1
"claim","claim.feedbackStatus.8","Delivered","",1
"claim","claim.feedbackStatus.null","Any","",1
"claim","claim.gql_mutation_bypass_claim_feedback_perms","Claim | Mutation Bypass Claim Feedback","",1
"claim","claim.gql_mutation_create_claims_perms","Claim | Mutation Create Claims","",1
"claim","claim.gql_mutation_delete_claims_perms","Claim | Mutation Delete Claims","",1
"claim","claim.gql_mutation_deliver_claim_feedback_perms","Claim | Mutation Deliver Claim Feedback","",1
"claim","claim.gql_mutation_select_claim_feedback_perms","Claim | Mutation Select Claim Feedback","",1
"claim","claim.gql_mutation_skip_claim_feedback_perms","Claim | Mutation Skip Claim Feedback","",1
"claim","claim.gql_mutation_submit_claims_perms","Claim | Mutation Submit Claims","",1
"claim","claim.gql_mutation_update_claims_perms","Claim | Mutation Update Claims","",1
"claim","claim.healthFacilityClaims.page.title","Health Facility Claims","",1
"claim","claim.lastVisitDate","Last Visit Date","",1
"claim","claim.mainDiagnosis","Main Diagnosis","",1
"claim","claim.mainMenu","Claims","",1
"claim","claim.menu.healthFacilityClaims","Health Facility Claims","",1
"claim","claim.menu.reviews","Reviews","",1
"claim","claim.newClaim.adminAndHFRequired","Please select Health Facility and Claim Administrator first","",1
"claim","claim.newClaim.tooltip","Create new claim","",1
"claim","claim.noitem","No Item To Display","",1
"claim","claim.noservice","No Service To Display","",1
"claim","claim.openNewTab.buttonText","Open","",1
"claim","claim.openNewTabButton.tooltip","Open in new tab","",1
"claim","claim.print.buttonText","Print","",1
"claim","claim.referralCode","Referral Code","",1
"claim","claim.restore.buttonText","Restore","",1
"claim","claim.Review.deliverReview.fab.tooltip","Deliver review","",1
"claim","claim.reviewButton.tooltip","Deliver Review","",1
"claim","claim.reviews.page.title","Reviews","",1
"claim","claim.reviewStatus","Review Status","",1
"claim","claim.reviewStatus.1","Idle","",1
"claim","claim.reviewStatus.16","Bypassed","",1
"claim","claim.reviewStatus.2","Not Selected","",1
"claim","claim.reviewStatus.4","Selected","",1
"claim","claim.reviewStatus.8","Delivered","",1
"claim","claim.reviewStatus.null","Any","",1
"claim","claim.SaveClaimReview.mutationLabel","Save claim {code} review","",1
"claim","claim.secDiagnosis1","Sec Dg1","",1
"claim","claim.secDiagnosis2","Sec Dg2","",1
"claim","claim.secDiagnosis3","Sec Dg3","",1
"claim","claim.secDiagnosis4","Sec Dg4","",1
"claim","claim.SelectClaimForFeedback.mutationLabel","Select claim {code} for feedback","",1
"claim","claim.SelectClaimsForFeedback.mutationLabel","Selected {count} claims for feedback","",1
"claim","claim.SkipClaimFeedback.mutationLabel","Skip claim {code} feedback","",1
"claim","claim.SkipClaimsFeedback.mutationLabel","Skipped {count} claims feedbacks","",1
"claim","claim.SubmitAllClaims.mutationLabel","Submitted {claims} claims","",1
"claim","claim.SubmitClaim.mutationLabel","Submit claim {code}","",1
"claim","claim.SubmitClaims.mutationLabel","Submitted {count} claims","",1
"claim","claim.UpdateClaim.mutationLabel","Update Claim - {code}","",1
"claim","claim.url.validation.notAllowed","Entered URL's domain is not allowed.","",1
"claim","claim.visitDateFrom","Visit Date From","",1
"claim","claim.visitDateTo","Visit Date To","",1
"claim_batch","claim_batch.AccountPreviewer.title","Accounts","",1
"claim_batch","claim_batch.BatchRun.errorHeader","Select data to create PDF","",1
"claim_batch","claim_batch.BatchRunLauncher.title","Launch Batch Run","",1
"claim_batch","claim_batch.BatchRunSearcher.title","Relative Indexes ({totalCount})","",1
"claim_batch","claim_batch.batchRunSummaries.calculatedDate","Calculated Date","",1
"claim_batch","claim_batch.claimBatch.page.title","Batch Runs","",1
"claim_batch","claim_batch.menu.claim_batch","Batch Runs","",1
"claim_batch","claim_batch.previewer.dateFrom","Date From","",1
"claim_batch","claim_batch.previewer.dateTo","Date To","",1
"claim_batch","claim_batch.processBatch.confirm.title","Launch Batch Processing","",1
"contract","contract.amendButton.tooltip","Amend","",1
"contract","contract.amendContract.confirm.title","Amend Contract?","",1
"contract","contract.amountNotified","Amount Notified","",1
"contract","contract.approveButton.tooltip","Approve","",1
"contract","contract.approveContract.confirm.title","Approve Contract?","",1
"contract","contract.approveContractAll.confirm.title","Approve all negotiable Contracts?","",1
"contract","contract.approveContractBulk.confirm.message.unapprovableNotEmpty","Only {approvableContracts} out of {contracts} Contracts are negotiable and can be approved. Are you sure you want to continue?","",1
"contract","contract.approveContractBulk.confirm.title","Approve selected Contract(s)?","",1
"contract","contract.code","Code","",1
"contract","contract.contractContributionDetails.label","Contract Contribution Details","",1
"contract","contract.contractContributionDetails.searcher.title","{contractContributionDetailsTotalCount} Contract Contribution Details Found","",1
"contract","contract.contractDetails.createContractDetails","Create new Contract Details","",1
"contract","contract.contractDetails.createContractDetails.confirm.message","Are you sure you want to create new Contract Details?","",1
"contract","contract.contractDetails.createContractDetails.confirm.title","Create new Contract Details?","",1
"contract","contract.contractDetails.deleteContractDetails.confirm.message","Are you sure you want to delete {insuree} - {contributionPlanBundle}?","",1
"contract","contract.contractDetails.editContractDetails","Edit Contract Details","",1
"contract","contract.contractDetails.editContractDetails.confirm.message","Are you sure you want to save changes for {insuree} - {contributionPlanBundle}?","",1
"contract","contract.contractDetails.editContractDetails.confirm.title","Save changes in Contract Details?","",1
"contract","contract.contractDetails.label","Contract Details","",1
"contract","contract.contractDetails.searcher.title","{contractDetailsTotalCount} Contract Details Found","",1
"contract","contract.contracts.page.title","Contracts","",1
"contract","contract.contracts.searcher.results.title","{contractsTotalCount} Contracts Found","",1
"contract","contract.ContractStatePicker.addendum","Addendum","",1
"contract","contract.counterButton.tooltip","Counter","",1
"contract","contract.counterContract.confirm.title","Counter Contract?","",1
"contract","contract.counterContractAll.confirm.title","Counter all negotiable Contracts?","",1
"contract","contract.counterContractBulk.confirm.message.unapprovableNotEmpty","Only {approvableContracts} out of {contracts} Contracts are negotiable and can be countered. Are you sure you want to continue?","",1
"contract","contract.counterContractBulk.confirm.title","Counter selected Contract(s)?","",1
"contract","contract.createButton.tooltip","Create new Contract","",1
"contract","contract.CreateContract.mutationLabel","Create Contract {label}","",1
"contract","contract.CreateContractDetails.mutationLabel","Create Contract Detail {insuree} - {contributionPlanBundle} for {contract}","",1
"contract","contract.dateApproved","Date Approved","",1
"contract","contract.datePaymentDue","Payment Due Date","",1
"contract","contract.dateValidFrom","Valid from","",1
"contract","contract.dateValidTo","Valid to","",1
"contract","contract.deleteButton.tooltip","Delete","",1
"contract","contract.deleteContract.confirm.message","Deleting data does not mean erasing it from openIMIS database. The data will only be deactivated from the viewed list.","",1
"contract","contract.deleteContract.confirm.title","Are you sure you want to delete {label}?","",1
"contract","contract.DeleteContract.mutationLabel","Delete Contract {label}","",1
"contract","contract.DeleteContractDetails.mutationLabel","Delete Contract Detail {insuree} - {contributionPlanBundle} for {contract}","",1
"contract","contract.dialog.cancel","Cancel","",1
"contract","contract.dialog.create","Create","",1
"contract","contract.dialog.update","Save","",1
"contract","contract.editButton.tooltip","Edit","",1
"contract","contract.gql_invoice_create_perms","Contract | Invoice Create","",1
"contract","contract.gql_mutation_create_contract_perms","Contract | Mutation Create Contract","",1
"contract","contract.gql_mutation_create_contract_policyholder_portal_perms","Contract | Mutation Create Contract Policyholder Portal","",1
"contract","contract.gql_mutation_create_payments_perms","Contract | Mutation Create Payments","",1
"contract","contract.gql_mutation_delete_contract_perms","Contract | Mutation Delete Contract","",1
"contract","contract.gql_mutation_delete_payments_perms","Contract | Mutation Delete Payments","",1
"contract","contract.gql_mutation_submit_contract_perms","Contract | Mutation Submit Contract","",1
"contract","contract.gql_mutation_submit_contract_policyholder_portal_perms","Contract | Mutation Submit Contract Policyholder Portal","",1
"contract","contract.gql_mutation_update_contract_perms","Contract | Mutation Update Contract","",1
"contract","contract.gql_mutation_update_contract_policyholder_portal_perms","Contract | Mutation Update Contract Policyholder Portal","",1
"contract","contract.gql_mutation_update_payments_perms","Contract | Mutation Update Payments","",1
"contract","contract.headPanel.title","General Information","",1
"contract","contract.insureePolicy.label","Persons Covered","",1
"contract","contract.insureePolicy.searcher.title","{insureePoliciesTotalCount} Persons Covered Found","",1
"contract","contract.isDeleted","Show Deleted","",1
"contract","contract.menu.contracts","Contracts","",1
"contract","contract.page.title","Contract {label}","",1
"contract","contract.saveButton.tooltip.disabled","Please fill General Information fields first","",1
"contract","contract.saveButton.tooltip.enabled","Save changes","",1
"contract","contract.submitButton.tooltip","Submit","",1
"contract","contract.submitContract.confirm.message","Are you sure you want to submit Contract {label}?","",1
"contract","contract.submitContract.confirm.title","Submit Contract?","",1
"contract","contract.submitContract.mutationLabel","Submit Contract {label}","",1
"contract","contract.UpdateContract.mutationLabel","Update Contract {label}","",1
"contract","contract.UpdateContractDetails.mutationLabel","Update Contract Detail {insuree} - {contributionPlanBundle} for {contract}","",1
"contribution","contribution.addContributionDialog.maxINstallments.message","You've reached the limit of maximum installments for this plan. You can't add more contributions.","",1
"contribution","contribution.addContributionDialog.maxINstallments.title","Limit of Installments Reached","",1
"contribution","contribution.addContributionDialog.noInstallmentsAllowed.message","No installments are allowed for this plan. You can't add any contributions.","",1
"contribution","contribution.addNewPremium.tooltip","Add new contribution","",1
"contribution","contribution.addNewPremium.tooltip.selectPolicy","Please select a policy to add a contribution","",1
"contribution","contribution.ContributionOverview.newTitle","Add a contribution","",1
"contribution","contribution.ContributionOverview.title","Contribution Details","",1
"contribution","contribution.CreateContribution.mutationLabel","Create contribution","",1
"contribution","contribution.deleteContributionDialog.message","Are you sure you want to delete this contribution?","",1
"contribution","contribution.deleteContributionDialog.title","Delete contribution","",1
"contribution","contribution.deleteContributionDialog.yes.button","Yes","",1
"contribution","contribution.deletePremium.buttonText","Delete","",1
"contribution","contribution.deletePremium.tooltip","Delete contribution","",1
"contribution","contribution.familySummaries.insuranceNo","Head Ins. No.","",1
"contribution","contribution.familySummaries.lastName","Head Last Name","",1
"contribution","contribution.gql_mutation_create_premiums_perms","Contribution | Mutation Create Premiums","",1
"contribution","contribution.gql_mutation_delete_premiums_perms","Contribution | Mutation Delete Premiums","",1
"contribution","contribution.gql_mutation_update_premiums_perms","Contribution | Mutation Update Premiums","",1
"contribution","contribution.menu.contributions","Contributions","",1
"contribution","contribution.openNewTab.buttonText","Open","",1
"contribution","contribution.payDate","Payment Date","",1
"contribution","contribution.payDateFrom","Payment Date from","",1
"contribution","contribution.payDateTo","Payment Date to","",1
"contribution","contribution.PaymentCategoryOverviewReport.dateEnd","Date To","",1
"contribution","contribution.PaymentCategoryOverviewReport.dateStart","Date From","",1
"contribution","contribution.policy.expiryDate","Expiry date","",1
"contribution","contribution.policy.name","Policy name","",1
"contribution","contribution.policy.startDate","Start date","",1
"contribution","contribution.PremiumCollectionReport.dateEnd","Date To","",1
"contribution","contribution.PremiumCollectionReport.dateStart","Date From","",1
"contribution","contribution.PremiumPaymentTypePicker.label","Payment Type","",1
"contribution","contribution.redirectToFamily.tooltip","Redirect to the family","",1
"contribution","contribution.reload.tooltip","Reload","",1
"contribution","contribution.saveContributionDialog.maxINstallments.message","Adding another 'contribution' will exceed the installment limit","",1
"contribution","contribution.saveContributionDialog.messageEqual","The contribution matches the value of the policy","",1
"contribution","contribution.saveContributionDialog.messageHigher","The contribution is higher than the value of the policy","",1
"contribution","contribution.saveContributionDialog.messageLower","The contribution is lower than the policy value","",1
"contribution","contribution.saveContributionDialog.messageLowerConfirm","Should the policy come into force?","",1
"contribution","contribution.saveContributionDialog.no.button","No","",1
"contribution","contribution.saveContributionDialog.ok.button","OK","",1
"contribution","contribution.saveContributionDialog.title","Contribution confirmation","",1
"contribution","contribution.saveContributionDialog.yes.button","Yes","",1
"contribution","contribution.UpdateContribution.mutationLabel","Update contribution","",1
"contribution","contribution.warning.header","WARNING","",1
"contributionPlan","contributionPlan.code","Code","",1
"contributionPlan","contributionPlan.contributionPlan.createButton.tooltip","Create new Contribution Plan","",1
"contributionPlan","contributionPlan.contributionPlan.headPanel.title","General Information","",1
"contributionPlan","contributionPlan.contributionPlan.label","Contribution Plan","",1
"contributionPlan","contributionPlan.contributionPlan.page.title","Contribution Plan {label}","",1
"contributionPlan","contributionPlan.contributionPlanBundle.contributionPlansAttachedPanel.createContributionPlan","Attach new contribution plan","",1
"contributionPlan","contributionPlan.contributionPlanBundle.contributionPlansAttachedPanel.dialog.cancel","Cancel","",1
"contributionPlan","contributionPlan.contributionPlanBundle.contributionPlansAttachedPanel.dialog.create","Create","",1
"contributionPlan","contributionPlan.contributionPlanBundle.contributionPlansAttachedPanel.dialog.update","Save","",1
"contributionPlan","contributionPlan.contributionPlanBundle.contributionPlansAttachedPanel.editContributionPlan","Edit Contribution Plan","",1
"contributionPlan","contributionPlan.contributionPlanBundle.contributionPlansAttachedPanel.title","{count} Contribution Plans Attached","",1
"contributionPlan","contributionPlan.contributionPlanBundle.createButton.tooltip","Create new Contribution Plan Bundle","",1
"contributionPlan","contributionPlan.contributionPlanBundle.label","Contribution Plan Bundle","",1
"contributionPlan","contributionPlan.contributionPlanBundle.page.title","Contribution Plan Bundle {label}","",1
"contributionPlan","contributionPlan.contributionPlanBundle.replacePage.title","Add New Version of Contribution Plan Bundle {label}","",1
"contributionPlan","contributionPlan.contributionPlanBundles.page.title","Contribution Plan Bundles","",1
"contributionPlan","contributionPlan.contributionPlanBundles.searcher.results.title","{contributionPlanBundlesTotalCount} Contribution Plan Bundles Found","",1
"contributionPlan","contributionPlan.contributionPlans.page.title","Contribution Plans","",1
"contributionPlan","contributionPlan.contributionPlans.searcher.results.title","{contributionPlansTotalCount} Contribution Plans Found","",1
"contributionPlan","contributionPlan.CreateContributionPlan.mutationLabel","Create Contribution Plan - {label}","",1
"contributionPlan","contributionPlan.CreateContributionPlanBundle.mutationLabel","Create Contribution Plan Bundle - {label}","",1
"contributionPlan","contributionPlan.CreateContributionPlanBundleDetails.mutationLabel","Attach new Contribution Plan to {contributionPlanBundle}","",1
"contributionPlan","contributionPlan.dateValidFrom","Valid from","",1
"contributionPlan","contributionPlan.dateValidTo","Valid to","",1
"contributionPlan","contributionPlan.deleteButton.tooltip","Delete","",1
"contributionPlan","contributionPlan.deleteContributionPlan.confirm.message","Are you sure you want to delete {label}?","",1
"contributionPlan","contributionPlan.deleteContributionPlan.confirm.title","Delete Contribution Plan {label}","",1
"contributionPlan","contributionPlan.DeleteContributionPlan.mutationLabel","Delete Contribution Plan - {label}","",1
"contributionPlan","contributionPlan.deleteContributionPlanBundle.confirm.title","Delete Contribution Plan Bundle {label}?","",1
"contributionPlan","contributionPlan.DeleteContributionPlanBundle.mutationLabel","Delete Contribution Plan Bundle - {label}","",1
"contributionPlan","contributionPlan.DeleteContributionPlanBundleDetails.mutationLabel","Delete {contributionPlan} from {contributionPlanBundle}","",1
"contributionPlan","contributionPlan.editButton.tooltip","Edit","",1
"contributionPlan","contributionPlan.isDeleted","Show Deleted","",1
"contributionPlan","contributionPlan.name","Name","",1
"contributionPlan","contributionPlan.paymentPlans.page.title","Payment Plans","",1
"contributionPlan","contributionPlan.paymentPlans.searcher.results.title","{paymentPlansTotalCount} Payment Plans Found","",1
"contributionPlan","contributionPlan.replaceButton.tooltip","Add New Version","",1
"contributionPlan","contributionPlan.saveButton.tooltip.disabled","Fill out all required fields. Saving form without any changes not possible.","",1
"contributionPlan","contributionPlan.saveButton.tooltip.enabled","Save changes","",1
"contributionPlan","contributionPlan.UpdateContributionPlan.mutationLabel","Update Contribution Plan - {label}","",1
"contributionPlan","contributionPlan.UpdateContributionPlanBundle.mutationLabel","Update Contribution Plan Bundle - {label}","",1
"contributionPlan","contributionPlan.UpdateContributionPlanBundleDetails.mutationLabel","Update {contributionPlan} of {contributionPlanBundle}","",1
"core","core.advancedFilters.button.addFilters","Add filter","",1
"core","core.advancedFilters.button.AdvancedFilters","Advanced Filters","",1
"core","core.advancedFilters.button.cancel","Cancel","",1
"core","core.advancedFilters.button.clearAllFilters","Clear All Filters","",1
"core","core.advancedFilters.button.filter","Filter","",1
"core","core.AuthorityPicker.label","Authority","",1
"core","core.AuthorityPicker.placeholder","Search...","",1
"core","core.Autocomplete.closeText","Close","",1
"core","core.Autocomplete.placeholder","Search...","",1
"core","core.back.buttonText","Back","",1
"core","core.calendar.cancelButton","Cancel","",1
"core","core.calendar.clearButton","Clear date","",1
"core","core.calendar.okButton","Accept","",1
"core","core.cancel.buttonText","Cancel","",1
"core","core.create.buttonText","Create New","",1
"core","core.delete.buttonText","Delete","",1
"core","core.edit.buttonText","Edit","",1
"core","core.ErrorPage.back","Move back to the home page","",1
"core","core.exportConfigDialog.cancelButton","Cancel","",1
"core","core.exportConfigDialog.clearAllColsButton","Unselect all columns","",1
"core","core.exportConfigDialog.confirmButton","Ok","",1
"core","core.exportConfigDialog.selectColumns","Select columns you want to export: ","",1
"core","core.exportConfigDialog.selectFormat","Select file format:","",1
"core","core.exportConfigDialog.title","Export configuration","",1
"core","core.exportSearchResult","Export search result","",1
"core","core.exportSearchResult.tooltip","Export result","",1
"core","core.FatalError.GenericError.title","An unexpected error occurred","",1
"core","core.FatalError.RateLimitExceeded.title","Rate Limit Exceeded","",1
"core","core.ForbiddenPage.title","Access Denied","",1
"core","core.ForgotPasswordPage.submitBtn","Submit","",1
"core","core.ForgotPasswordPage.username.label","Username","",1
"core","core.gql_mutation_create_claim_administrator_perms","Core | Mutation Create Claim Administrator","",1
"core","core.gql_mutation_create_enrolment_officers_perms","Core | Mutation Create Enrolment Officers","",1
"core","core.gql_mutation_create_roles_perms","Core | Mutation Create Roles","",1
"core","core.gql_mutation_create_users_perms","Core | Mutation Create Users","",1
"core","core.gql_mutation_delete_claim_administrator_perms","Core | Mutation Delete Claim Administrator","",1
"core","core.gql_mutation_delete_enrolment_officers_perms","Core | Mutation Delete Enrolment Officers","",1
"core","core.gql_mutation_delete_roles_perms","Core | Mutation Delete Roles","",1
"core","core.gql_mutation_delete_users_perms","Core | Mutation Delete Users","",1
"core","core.gql_mutation_update_claim_administrator_perms","Core | Mutation Update Claim Administrator","",1
"core","core.gql_mutation_update_enrolment_officers_perms","Core | Mutation Update Enrolment Officers","",1
"core","core.gql_mutation_update_roles_perms","Core | Mutation Update Roles","",1
"core","core.gql_mutation_update_users_perms","Core | Mutation Update Users","",1
"core","core.InfoButton.tooltip","More Information","",1
"core","core.InternalServerErrorPage.title","Internal Server Error","",1
"core","core.LanguageQuickPicker.dialog.cancel","Cancel","",1
"core","core.LanguageQuickPicker.dialog.title","Confirm Language","",1
"core","core.LoginPage.backButton","Back","",1
"core","core.LoginPage.password.label","ລະຫັດຜ່ານ / Password","",1
"core","core.LoginPage.username.label","ຊື່ຜູ້ໃຊ້ / Username","",1
"core","core.NeDateFormatter.dateOutOfRange","DATE_OUT_OF_RANGE","",1
"core","core.NotFoundPage.description","The requested URL was not found on this server.","",1
"core","core.NotFoundPage.title","Page not found","",1
"core","core.NumberInput.notApplicable","N/A","",1
"core","core.openNewTab.buttonText","Open","",1
"core","core.pickerNoOptionsLabel","No options available","",1
"core","core.RegistersStatusReport.district","District","",1
"core","core.RegistersStatusReport.region","Region","",1
"core","core.roleManagement.createButton.tooltip","Create new Role","",1
"core","core.roleManagement.CreateRole.mutationLabel","Create Role {label}","",1
"core","core.roleManagement.dateValidFrom","Valid from","",1
"core","core.roleManagement.dateValidTo","Valid to","",1
"core","core.roleManagement.deleteButton.tooltip","Delete","",1
"core","core.roleManagement.deleteRole.confirm.message","Deleting data does not mean erasing it from openIMIS database. The data will only be deactivated from the viewed list.","",1
"core","core.roleManagement.deleteRole.confirm.title","Are you sure you want to delete {label}?","",1
"core","core.roleManagement.DeleteRole.mutationLabel","Delete Role {label}","",1
"core","core.roleManagement.duplicateButton.tooltip","Duplicate","",1
"core","core.roleManagement.editButton.tooltip","Edit","",1
"core","core.roleManagement.label","Roles Management","",1
"core","core.roleManagement.requiredFieldsEmptyError","* These fields are required","",1
"core","core.roleManagement.role.addAllFilteredPerms","Add all filtered permissions","",1
"core","core.roleManagement.role.page.title","Role Details {label}","",1
"core","core.roleManagement.roleName","Role Name","",1
"core","core.roleManagement.saveButton.tooltip.disabled","Please fill required fields first","",1
"core","core.roleManagement.saveButton.tooltip.enabled","Save changes","",1
"core","core.roleManagement.searcher.results.title","{rolesTotalCount} Roles Found","",1
"core","core.roleManagement.updateRole.confirm.message","Are you sure you want to save changes in {label}?","",1
"core","core.roleManagement.updateRole.confirm.title","Save changes in {label}?","",1
"core","core.roleManagement.UpdateRole.mutationLabel","Update Role {label}","",1
"core","core.save.buttonText","Save","",1
"core","core.SetPasswordPage.confirmPassword.label","Confirm Password","",1
"core","core.SetPasswordPage.password.label","Password","",1
"core","core.SetPasswordPage.submitBtn","Submit","",1
"core","core.SetPasswordPage.username.label","Username","",1
"core","core.Table.nextPage","Next page","",1
"core","core.Table.ordinalNumberHeader","Number","",1
"core","core.Table.previousPage","Previous page","",1
"core","core.tooltip.help","Documentation","",1
"core","core.tooltip.logout","Log out","",1
"core","core.UserActivityReport.dateFrom","From","",1
"core","core.UserActivityReport.dateTo","To","",1
"core","core.UserActivityReport.entity.Feedback","Feedback","",1
"deduplication","deduplication.BeneficiaryDuplicatesTable.checkbox.header","Select all columns","",1
"deduplication","deduplication.BeneficiaryDuplicatesTable.merge.header","Don't merge","",1
"deduplication","deduplication.deduplicate.button.cancel","Cancel","",1
"deduplication","deduplication.deduplicate.button.createDeduplicationReviewTask","Create Deduplication Review Tasks","",1
"deduplication","deduplication.deduplicate.button.showDuplicateSummary","Show Duplicate Summary","",1
"deduplication","deduplication.deduplicate.fields.placeholder","Duplicate Detection Field Selection","",1
"deduplication","deduplication.deduplicate.mutation.createTasks","Deduplication tasks have been created.","",1
"deduplication","deduplication.deduplicate.summary.title","Deduplication Summary","",1
"deduplication","deduplication.deduplicate.title","Deduplication - {benefitPlanName}","",1
"deduplication","deduplication.gql_create_deduplication_payment_review_perms","Deduplication | Create Deduplication Payment Review","",1
"deduplication","deduplication.gql_create_deduplication_review_perms","Deduplication | Create Deduplication Review","",1
"deduplication","deduplication.tasks.deduplication.title","Benefit Plan Deduplication Task","",1
"grievanceSocialProtection","grievanceSocialProtection.dialogs.GrievanceConfigurationDialog.dialogHeader","Veuillez remplir la configuration.","",1
"individual","individual.addButtonTooltip","Add Individual to Group","",1
"individual","individual.additonalFields.close","Close","",1
"individual","individual.additonalFields.label","Additional Fields","",1
"individual","individual.additonalFields.showAdditionalFields","Show Additional Fields","",1
"individual","individual.benefits.label","Benefits","",1
"individual","individual.delete.confirm.message","Deleting data does not mean erasing it from OpenIMIS database. The data will only be deactivated from the viewed list.","",1
"individual","individual.delete.confirm.title","Delete {firstName} {lastName}?","",1
"individual","individual.delete.mutationLabel","Delete Individual {id}","",1
"individual","individual.enrollment.addFilters","Add Filters","",1
"individual","individual.enrollment.buttonLabel","ENROLLMENT","",1
"individual","individual.enrollment.cancel","Cancel","",1
"individual","individual.enrollment.close","Close","",1
"individual","individual.enrollment.label","Enroll Individuals to the program","",1
"individual","individual.enrollment.numberOfGroupsNotAssignedToProgramme","Number Of Groups not Assigned To Program","",1
"individual","individual.enrollment.numberOfIndividualsNotAssignedToProgramme","Number of Individuals Without Assignment to Program","",1
"individual","individual.enrollment.title","Enrollment of Individuals to the Program","",1
"individual","individual.firstName","First Name","",1
"individual","individual.gql_group_create_perms","Individual | Group Create","",1
"individual","individual.gql_group_delete_perms","Individual | Group Delete","",1
"individual","individual.gql_group_search_perms","Individual | Group Search","",1
"individual","individual.gql_group_update_perms","Individual | Group Update","",1
"individual","individual.gql_individual_create_perms","Individual | Individual Create","",1
"individual","individual.gql_individual_delete_perms","Individual | Individual Delete","",1
"individual","individual.gql_individual_search_perms","Individual | Individual Search","",1
"individual","individual.gql_individual_undo_delete_perms","Individual | Individual Undo Delete","",1
"individual","individual.gql_individual_update_perms","Individual | Individual Update","",1
"individual","individual.hasNoLocation","Missing Location","",1
"individual","individual.individualChangelog.label","Change Log","",1
"individual","individual.individualsList.label","MEMBERS","",1
"individual","individual.individualTasks.label","Tasks","",1
"individual","individual.isDeleted","Show Deleted","",1
"individual","individual.lastName","Last Name","",1
"individual","individual.locationEditDisabledTitle","Individual belongs to a group; Please edit location on their group","",1
"individual","individual.ok","ok","",1
"individual","individual.saveButton.tooltip.disabled","Please fill General Information fields first","",1
"individual","individual.saveButton.tooltip.enabled","Save changes","",1
"individual","individual.tasks.title","Individual Tasks","",1
"individual","individual.undo.confirm.title","Undo delete {firstName} {lastName}?","",1
"individual","individual.update.label","Update Individual","",1
"individual","individual.update.mutationLabel","Update Individual {id}","",1
"individual","individual.upload.alert.header","Error during file upload.","",1
"individual","individual.upload.alert.header.invalid_format","Invalid file format!","",1
"individual","individual.upload.alert.sameFileName","Filename exists for given Program. Please change the filename.","",1
"individual","individual.upload.buttonLabel","UPLOAD","",1
"individual","individual.upload.cancel","Cancel","",1
"individual","individual.upload.label","Upload Individuals","",1
"individual","individual.upload.uploadHistoryTable.buttonLabel","UPLOAD HISTORY","",1
"individual","individual.upload.uploadHistoryTable.dateCreated","Date Created","",1
"individual","individual.upload.uploadHistoryTable.label","Upload History Table","",1
"individual","individual.upload.uploadHistoryTable.sourceName","Source Name","",1
"individual","individual.upload.uploadHistoryTable.status","Status","",1
"individual","individual.upload.uploadHistoryTable.userCreated","User Created","",1
"insuree","insuree.addInsuree.alert.message","However, insuree can still be added to the family.","",1
"insuree","insuree.addInsuree.alert.title","Add insuree to family warning(s):","",1
"insuree","insuree.addNewFamilyTooltip","Create new Family","",1
"insuree","insuree.addNewInsureeTooltip","Create new Insuree","",1
"insuree","insuree.changeInsureeFamilyDialog.cancelPolicies.button","Move and cancel Policies","",1
"insuree","insuree.changeInsureeFamilyDialog.keepPolicies.button","Move and keep Policies","",1
"insuree","insuree.changeInsureeFamilyDialog.title","Move insuree - {insuree}?","",1
"insuree","insuree.chfIdNotFound","No insuree with chfid {chfid} found.","",1
"insuree","insuree.closeInsureeSearchCriteria.tooltip","Close search criteria","",1
"insuree","insuree.ConfirmationTypePicker.label","Confirmation Type","",1
"insuree","insuree.CreateFamily.mutationLabel","Create family - {label}","",1
"insuree","insuree.CreateInsuree.mutationLabel","Create insuree - {label}","",1
"insuree","insuree.DeleteFamilies.mutationLabel","Delete family - {label}","",1
"insuree","insuree.deleteFamily.mutationLabel","Delete family {label}","",1
"insuree","insuree.deleteFamilyDialog.deleteFamilyAndInsurres.button","Delete family and members","",1
"insuree","insuree.deleteFamilyDialog.deleteFamilyOnly.button","Delete family only","",1
"insuree","insuree.deleteFamilyDialog.message","Are you sure you want to delete family {label} and all its members?","",1
"insuree","insuree.deleteFamilyDialog.title","Delete family - {label}","",1
"insuree","insuree.DeleteInsuree.mutationLabel","Delete insuree - {label}","",1
"insuree","insuree.deleteInsureeDialog.message","Are you sure you want to delete insuree {label}?","",1
"insuree","insuree.deleteInsureeDialog.title","Delete insuree - {label}?","",1
"insuree","insuree.Education.none","Not specified","",1
"insuree","insuree.EducationPicker.label","Education","",1
"insuree","insuree.EnrolledFamiliesReport.dateFrom","From Date","",1
"insuree","insuree.EnrolledFamiliesReport.dateTo","To Date","",1
"insuree","insuree.Family.address","Address details","",1
"insuree","insuree.Family.confirmationNo","Confirmation No.","",1
"insuree","insuree.Family.headInsuree.lastName","Head Last Name","",1
"insuree","insuree.Family.members.lastName","Member Last Name","",1
"insuree","insuree.Family.povertyStatus","Poverty Status","",1
"insuree","insuree.Family.povertyStatus.false","No","",1
"insuree","insuree.Family.povertyStatus.null","Any","",1
"insuree","insuree.Family.povertyStatus.true","Yes","",1
"insuree","insuree.Family.title","Family/Group {label}","",1
"insuree","insuree.familyAddExistingInsuree.tooltip","Add (move) existing insuree into family","",1
"insuree","insuree.familyAddExsistingInsuree.tooltip","Ajouter (d\xe9placer) un assur\xe9 existant dans la famille","",1
"insuree","insuree.familyAddNewInsuree.tooltip","Create new insuree in family","",1
"insuree","insuree.familyCheckCanAdd","Checking wherever insuree can be added","",1
"insuree","insuree.familyDeleteInsuree.buttonText","Delete","",1
"insuree","insuree.familyDeleteInsuree.tooltip","Delete insuree","",1
"insuree","insuree.FamilyDetailPanel.title","Family Details","",1
"insuree","insuree.FamilyMembersTable.InsuranceNo","Insurance No.","",1
"insuree","insuree.FamilyMembersTable.memberName","Family Member","",1
"insuree","insuree.FamilyMembersTable.noMembers","Family not registered.","",1
"insuree","insuree.FamilyOverview.title","Family/Group {label}","",1
"insuree","insuree.familyRemoveInsuree.tooltip","Remove insuree from family","",1
"insuree","insuree.familySelectHeadInsuree.buttonText","Select Head","",1
"insuree","insuree.familySetHeadInsuree.tooltip","Set as family head","",1
"insuree","insuree.FamilyStatus","Family status","",1
"insuree","insuree.FamilyStatus.null","Any","",1
"insuree","insuree.FamilyStatus.with","With family","",1
"insuree","insuree.FamilyStatus.without","Without family","",1
"insuree","insuree.familySummaries.confirmationNo","Confirmation No.","",1
"insuree","insuree.familySummaries.delete"," ","",1
"insuree","insuree.familySummaries.deleteFamily.tooltip","Delete family","",1
"insuree","insuree.familySummaries.insuranceNo","Head Ins. No.","",1
"insuree","insuree.familySummaries.lastName","insuree.familySummaries.otherNames","",1
"insuree","insuree.familySummaries.openNewTabButton.buttonText","Open","",1
"insuree","insuree.familySummaries.openNewTabButton.tooltip","Open in new tab","",1
"insuree","insuree.familySummary.name","Member Name","",1
"insuree","insuree.FamilyTypePicker.label","Family Type","",1
"insuree","insuree.FSP.title","First Service Point","",1
"insuree","insuree.gql_mutation_create_families_perms","Insuree | Mutation Create Families","",1
"insuree","insuree.gql_mutation_create_insurees_perms","Insuree | Mutation Create Insurees","",1
"insuree","insuree.gql_mutation_delete_families_perms","Insuree | Mutation Delete Families","",1
"insuree","insuree.gql_mutation_delete_insurees_perms","Insuree | Mutation Delete Insurees","",1
"insuree","insuree.gql_mutation_update_families_perms","Insuree | Mutation Update Families","",1
"insuree","insuree.gql_mutation_update_insurees_perms","Insuree | Mutation Update Insurees","",1
"insuree","insuree.HeadInsureeMasterPanel.title","Head Insuree Details","",1
"insuree","insuree.IdentificationType.none","Not specified","",1
"insuree","insuree.IdentificationTypePicker.label","Id Type","",1
"insuree","insuree.Insuree.currentAddress","Address","",1
"insuree","insuree.Insuree.currentAddress.sameAsFamily","Same Address as Family","",1
"insuree","insuree.Insuree.label","Insuree","",1
"insuree","insuree.Insuree.lastName","Last Name","",1
"insuree","insuree.Insuree.photoDate","Photo Date","",1
"insuree","insuree.Insuree.photoFilename","File Name","",1
"insuree","insuree.Insuree.picker.dialog.title","Search Insuree","",1
"insuree","insuree.Insuree.searchCriteria","Search Criteria","",1
"insuree","insuree.Insuree.status","Status","",1
"insuree","insuree.Insuree.status.AC","Active","",1
"insuree","insuree.Insuree.status.DE","Dead","",1
"insuree","insuree.Insuree.status.IN","Inactive","",1
"insuree","insuree.Insuree.status.null","Any","",1
"insuree","insuree.Insuree.statusDate","Status date","",1
"insuree","insuree.Insuree.statusReason","Reason","",1
"insuree","insuree.Insuree.title","Insuree {label}","",1
"insuree","insuree.InsureeFamilyOverviewReport.dateFrom","From Date","",1
"insuree","insuree.InsureeFamilyOverviewReport.dateTo","To Date","",1
"insuree","insuree.InsureeFirstServicePointPanel.title","First Service Point","",1
"insuree","insuree.InsureeGenderPicker.label","Gender","",1
"insuree","insuree.InsureeMaritalStatus","Marital Status","",1
"insuree","insuree.InsureeMaritalStatus.D","Divorced","",1
"insuree","insuree.InsureeMaritalStatus.M","Married","",1
"insuree","insuree.InsureeMaritalStatus.N","Not Specified","",1
"insuree","insuree.InsureeMaritalStatus.null","Any","",1
"insuree","insuree.InsureeMaritalStatus.S","Single","",1
"insuree","insuree.InsureeMaritalStatus.W","Widowed","",1
"insuree","insuree.InsureeMasterPanel.title","Insuree Details","",1
"insuree","insuree.InsureeOfficer.none","None","",1
"insuree","insuree.InsureeOfficerPicker.label","Officer","",1
"insuree","insuree.InsureePhotoDialog.title","Select photo for insuree {label}","",1
"insuree","insuree.InsureeReasonPicker.placeholder","Search reason…","",1
"insuree","insuree.insureeSummaries.delete"," ","",1
"insuree","insuree.insureeSummaries.deleteFamily.tooltip","Delete insuree","",1
"insuree","insuree.insureeSummaries.deleteInsuree.tooltip","Delete insuree","",1
"insuree","insuree.insureeSummaries.goToFamilyButton","Go to family","",1
"insuree","insuree.insureeSummaries.insuranceNo","Insurance No.","",1
"insuree","insuree.insureeSummaries.lastName","insuree.insureeSummaries.otherNames","",1
"insuree","insuree.insureeSummaries.maritalStatus","Marital Status","",1
"insuree","insuree.insureeSummaries.openFamilyButton.tooltip","Open insuree's family","",1
"insuree","insuree.insureeSummaries.openNewTabButton.tooltip","Open in new tab","",1
"insuree","insuree.link.cappedItemService","Capped Items/Services","",1
"insuree","insuree.mainMenu","Insurees and Policies","",1
"insuree","insuree.menu.addFamilyOrGroup","Add Family/Group","",1
"insuree","insuree.menu.familiesOrGroups","Families/Groups","",1
"insuree","insuree.menu.insurees","Insurees","",1
"insuree","insuree.noFSP","First Service Point not registered.","",1
"insuree","insuree.notFound","Not Found","",1
"insuree","insuree.PhotoStatus","Photo status","",1
"insuree","insuree.PhotoStatus.null","Any","",1
"insuree","insuree.PhotoStatus.with","With","",1
"insuree","insuree.PhotoStatus.without","Without","",1
"insuree","insuree.Profession.none","Not specified","",1
"insuree","insuree.ProfessionPicker.label","Profession","",1
"insuree","insuree.Relation.none","None","",1
"insuree","insuree.RelationPicker.label","Relationship","",1
"insuree","insuree.RemoveInsuree.cancelPolicies.mutationLabel","Remove insuree - {label} from family {family} and cancel policies","",1
"insuree","insuree.removeInsureeFromFamilyDialog.cancelPolicies.button","Remove and cancel Policies","",1
"insuree","insuree.removeInsureeFromFamilyDialog.keepPolicies.button","Remove and keep Policies","",1
"insuree","insuree.removeInsureeFromFamilyDialog.title","Remove insuree - {insuree}?","",1
"insuree","insuree.resetFilters.tooltip","Reset search criteria","",1
"insuree","insuree.searchAgain.tooltip","Search again","",1
"insuree","insuree.selectHeadInsuree.tooltip","Select existing insuree as head","",1
"insuree","insuree.setHeadInsureeDialog.title","Change family head?","",1
"insuree","insuree.showInsureeSearchCriteria.tooltip","Find an insuree","",1
"insuree","insuree.UpdateFamily.mutationLabel","Update family - {label}","",1
"insuree","insuree.UpdateInsuree.mutationLabel","Update insuree - {label}","",1
"insuree","insuree.workersMainMenu","Workers and Vouchers","",1
"invoice","invoice.code","Code","",1
"invoice","invoice.currencyCode","Devise","",1
"invoice","invoice.currencyTpCode","Destinataire de la devise","",1
"invoice","invoice.dateDue","Date d'\xe9ch\xe9ance","",1
"invoice","invoice.dateInvoice","Date de la facture","",1
"invoice","invoice.datePayed","Date de paiement","",1
"invoice","invoice.dateValidFrom","De","",1
"invoice","invoice.dateValidTo","A","",1
"invoice","invoice.delete.confirm.message","La suppression des donn\xe9es ne signifie pas leur effacement de la base de donn\xe9es openIMIS. La donn\xe9e sera seulement d\xe9sactiv\xe9e de la liste visualis\xe9e.","",1
"invoice","invoice.delete.confirm.title","Supprimer {code} ?","",1
"invoice","invoice.delete.mutationLabel","Supprimer la facture {code}","",1
"invoice","invoice.gql_bill_create_perms","Invoice | Bill Create","",1
"invoice","invoice.gql_bill_delete_perms","Invoice | Bill Delete","",1
"invoice","invoice.gql_bill_event_create_message_perms","Invoice | Bill Event Create Message","",1
"invoice","invoice.gql_bill_event_create_perms","Invoice | Bill Event Create","",1
"invoice","invoice.gql_bill_event_delete_all_message_perms","Invoice | Bill Event Delete All Message","",1
"invoice","invoice.gql_bill_event_delete_my_message_perms","Invoice | Bill Event Delete My Message","",1
"invoice","invoice.gql_bill_event_delete_perms","Invoice | Bill Event Delete","",1
"invoice","invoice.gql_bill_event_search_perms","Invoice | Bill Event Search","",1
"invoice","invoice.gql_bill_event_update_perms","Invoice | Bill Event Update","",1
"invoice","invoice.gql_bill_payment_create_perms","Invoice | Bill Payment Create","",1
"invoice","invoice.gql_bill_payment_delete_perms","Invoice | Bill Payment Delete","",1
"invoice","invoice.gql_bill_payment_search_perms","Invoice | Bill Payment Search","",1
"invoice","invoice.gql_bill_payment_update_perms","Invoice | Bill Payment Update","",1
"invoice","invoice.gql_bill_search_perms","Invoice | Bill Search","",1
"invoice","invoice.gql_bill_update_perms","Invoice | Bill Update","",1
"invoice","invoice.gql_invoice_create_perms","Invoice | Invoice Create","",1
"invoice","invoice.gql_invoice_delete_perms","Invoice | Invoice Delete","",1
"invoice","invoice.gql_invoice_event_create_message_perms","Invoice | Invoice Event Create Message","",1
"invoice","invoice.gql_invoice_event_create_perms","Invoice | Invoice Event Create","",1
"invoice","invoice.gql_invoice_event_delete_all_message_perms","Invoice | Invoice Event Delete All Message","",1
"invoice","invoice.gql_invoice_event_delete_my_message_perms","Invoice | Invoice Event Delete My Message","",1
"invoice","invoice.gql_invoice_event_delete_perms","Invoice | Invoice Event Delete","",1
"invoice","invoice.gql_invoice_event_search_perms","Invoice | Invoice Event Search","",1
"invoice","invoice.gql_invoice_event_update_perms","Invoice | Invoice Event Update","",1
"invoice","invoice.gql_invoice_payment_create_perms","Invoice | Invoice Payment Create","",1
"invoice","invoice.gql_invoice_payment_delete_perms","Invoice | Invoice Payment Delete","",1
"invoice","invoice.gql_invoice_payment_search_perms","Invoice | Invoice Payment Search","",1
"invoice","invoice.gql_invoice_payment_update_perms","Invoice | Invoice Payment Update","",1
"invoice","invoice.gql_invoice_search_perms","Invoice | Invoice Search","",1
"invoice","invoice.gql_invoice_update_perms","Invoice | Invoice Update","",1
"invoice","invoice.note","Note","",1
"invoice","invoice.status.CANCELLED","Annul\xe9","",1
"invoice","invoice.status.DELETED","Supprim\xe9","",1
"invoice","invoice.status.DRAFT","Draft","",1
"invoice","invoice.status.label","Statut","",1
"invoice","invoice.status.PAID","Pay\xe9e","",1
"invoice","invoice.status.RECONCILIATED","R\xe9concili\xe9","",1
"invoice","invoice.status.SUSPENDED","Suspendu","",1
"invoice","invoice.status.UNPAID","Non pay\xe9","",1
"invoice","invoice.status.VALIDATED","Valid\xe9","",1
"location","location.AddDialog.title","Nouveau {type}","",1
"location","location.CreateHealthFacility.mutationLabel","Cr\xe9er un \xe9tablissement de sant\xe9 {code}","",1
"location","location.CreateLocation.mutationLabel","Cr\xe9er un lieu {code} - {name}","",1
"location","location.DeleteDialog.cancel","Annuler","",1
"location","location.DeleteDialog.confirm","Vous voulez :","",1
"location","location.DeleteDialog.confirmSimple","\xcates-vous s\xfbr de vouloir supprimer {type} ? {code} - {name} ?","",1
"location","location.DeleteDialog.delete","Supprimer","",1
"location","location.DeleteDialog.drop","Supprimer {code} - {name} {type} et tous ses {children}","",1
"location","location.DeleteDialog.reassign","Supprimez {code} - {name} {type} et d\xe9placez son {directChildren} vers","",1
"location","location.DeleteDialog.title","Supprimer {code} - {name} {type}","",1
"location","location.deleteHealthFacility.buttonText","Delete","",1
"location","location.deleteHealthFacility.confirm.message","\xcates-vous s\xfbr de vouloir supprimer le code {code} - {name} de l'\xe9tablissement de sant\xe9 ?","",1
"location","location.deleteHealthFacility.confirm.title","Supprimer l'\xe9tablissement de sant\xe9","",1
"location","location.DeleteHealthFacility.mutationLabel","Supprimer l'\xe9tablissement de sant\xe9 {code}","",1
"location","location.DeleteLocation.mutationLabel","Supprimer le lieu {code} - {name}","",1
"location","location.DistrictPicker.label","District","",1
"location","location.DistrictPicker.none","Aucun","",1
"location","location.EditDialog.cancel","Annuler","",1
"location","location.EditDialog.code","Code","",1
"location","location.EditDialog.codeTaken","Ce code de lieux est d\xe9j\xe0 utilis\xe9","",1
"location","location.EditDialog.family","Famille","",1
"location","location.EditDialog.female","Femme","",1
"location","location.EditDialog.male","Homme","",1
"location","location.EditDialog.name","Nom","",1
"location","location.EditDialog.other","Autres","",1
"location","location.EditDialog.save","Sauvegarder","",1
"location","location.EditDialog.title","Modifier {type}","",1
"location","location.EditDialog.title.of"," de {code} - {name}","",1
"location","location.gql_mutation_create_health_facilities_perms","Location | Mutation Create Health Facilities","",1
"location","location.gql_mutation_create_locations_perms","Location | Mutation Create Locations","",1
"location","location.gql_mutation_create_region_locations_perms","Location | Mutation Create Region Locations","",1
"location","location.gql_mutation_delete_health_facilities_perms","Location | Mutation Delete Health Facilities","",1
"location","location.gql_mutation_delete_locations_perms","Location | Mutation Delete Locations","",1
"location","location.gql_mutation_edit_health_facilities_perms","Location | Mutation Edit Health Facilities","",1
"location","location.gql_mutation_edit_locations_perms","Location | Mutation Edit Locations","",1
"location","location.healthFacilities.page.title","\xc9tablissements de sant\xe9","",1
"location","location.healthFacility.edit.page.title","ESA {code}","",1
"location","location.healthFacility.edit.title","\xc9tablissement de sant\xe9 {code}","",1
"location","location.HealthFacilityFilter.accCode","Code comptable","",1
"location","location.HealthFacilityFilter.code","Code","",1
"location","location.HealthFacilityFilter.name","Nom","",1
"location","location.HealthFacilityForm.accCode","Code comptable","",1
"location","location.HealthFacilityForm.address","Adresse","",1
"location","location.HealthFacilityForm.code","Code","",1
"location","location.HealthFacilityForm.name","Nom","",1
"location","location.HealthFacilityForm.status","Statut","",1
"location","location.HealthFacilityForm.status.AC","Actif","",1
"location","location.HealthFacilityForm.status.DE","Radi\xe9 de la liste","",1
"location","location.HealthFacilityForm.status.ID","Au repos","",1
"location","location.HealthFacilityForm.status.IN","Inactif","",1
"location","location.HealthFacilityForm.status.null","S\xe8l.","",1
"location","location.HealthFacilityPicker.label","\xc9tablissement de sant\xe9","",1
"location","location.HealthFacilityPicker.placeholder","Rechercher un \xe9tablissement de sant\xe9...","",1
"location","location.healthFacilitySummaries.accCode","Code comptable","",1
"location","location.healthFacilitySummaries.code","Code","",1
"location","location.healthFacilitySummaries.name","Nom","",1
"location","location.Location2Picker.label","Municipalit\xe9","",1
"location","location.Location2Picker.none","Aucun","",1
"location","location.Location3Picker.label","Village","",1
"location","location.Location3Picker.none","Aucun","",1
"location","location.LocationPicker.closeText","Fermer","",1
"location","location.locations.page.title","Lieux","",1
"location","location.locations.searcher.title.0","R\xe9gions","",1
"location","location.locations.searcher.title.1","Districts","",1
"location","location.locations.searcher.title.2","Municipalit\xe9s","",1
"location","location.locations.searcher.title.3","Villages","",1
"location","location.locations.searcher.title.3.catchments","Bassins versants des villages","",1
"location","location.locationType.0.placeholder","Rechercher une r\xe9gion...","",1
"location","location.locationType.1.placeholder","Rechercher un district...","",1
"location","location.MoveDialog.cancel","Annuler","",1
"location","location.MoveDialog.Parent.None","Aucune","",1
"location","location.MoveDialog.title","D\xe9placer {code} - {name} {type}","",1
"location","location.RegionPicker.label","R\xe9gion","",1
"location","location.RegionPicker.none","Aucun","",1
"location","location.UpdateHealthFacility.mutationLabel","Mise \xe0 jour de la facilit\xe9 de sant\xe9 { code}","",1
"location","location.UpdateLocation.mutationLabel","Mise \xe0 jour du lieu {code} - {name}","",1
"medical","medical.addNewMedicalItem.tooltip","Ajouter un article m\xe9dical","",1
"medical","medical.addNewMedicalService.tooltip","Ajouter un nouvel acte","",1
"medical","medical.Diagnosis","Diagnostic","",1
"medical","medical.DiagnosisPicker.null","Tous","",1
"medical","medical.DiagnosisPicker.placeholder","Rechercher un diagnostic...","",1
"medical","medical.gql_mutation_medical_items_add_perms","Medical | Mutation Medical Items Add","",1
"medical","medical.gql_mutation_medical_items_delete_perms","Medical | Mutation Medical Items Delete","",1
"medical","medical.gql_mutation_medical_items_update_perms","Medical | Mutation Medical Items Update","",1
"medical","medical.gql_mutation_medical_services_add_perms","Medical | Mutation Medical Services Add","",1
"medical","medical.gql_mutation_medical_services_delete_perms","Medical | Mutation Medical Services Delete","",1
"medical","medical.gql_mutation_medical_services_update_perms","Medical | Mutation Medical Services Update","",1
"medical","medical.item.code","Code","",1
"medical","medical.item.createMedicalItem.mutationLabel","Cr\xe9er un article m\xe9dical","",1
"medical","medical.item.deleteDialog.message","\xcates-vous s\xfbr de vouloir supprimer cet article ?","",1
"medical","medical.item.deleteDialog.title","Confirmer la suppression","",1
"medical","medical.item.deleteDialog.yes.button","Oui","",1
"medical","medical.item.deleteItem.tooltip","Effacer l'article","",1
"medical","medical.item.deleteItemButton.buttonText","Delete","",1
"medical","medical.item.deleteItemDialog.message","\xcates-vous s\xfbr de vouloir supprimer cet article ?","",1
"medical","medical.item.MedicalItemOverview.title","D\xe9tails du produit m\xe9dical","",1
"medical","medical.item.name","Nom","",1
"medical","medical.item.openNewTabButton.buttonText","Open","",1
"medical","medical.item.updateMedicalItem.mutationLabel","Modification d'un produit m\xe9dical","",1
"medical","medical.ItemPicker.label","Article","",1
"medical","medical.ItemPicker.placeholder","Rechercher un article...","",1
"medical","medical.service.code","Code","",1
"medical","medical.service.deleteDialog.message","\xcates-vous s\xfbr de vouloir supprimer cet acte?","",1
"medical","medical.service.deleteDialog.title","Confirmer la suppression","",1
"medical","medical.service.deleteDialog.yes.button","Oui","",1
"medical","medical.service.deleteService.tooltip","Supprimer l'acte","",1
"medical","medical.service.deleteServiceButton.buttonText","Delete","",1
"medical","medical.service.deleteServiceDialog.message","\xcates-vous s\xfbr de vouloir supprimer cet acte?","",1
"medical","medical.service.MedicalServiceOverview.title","D\xe9tails des actes","",1
"medical","medical.service.name","Nom","",1
"medical","medical.service.openNewTabButton.buttonText","Open","",1
"medical","medical.service.update.mutationLabel","Modifier acte","",1
"medical","medical.ServicePicker.label","Acte","",1
"medical","medical.ServicePicker.placeholder","Rechercher acte...","",1
"medical","medical.visitType.none","Aucun","",1
"medical_pricelist","medical_pricelist.addNewPriceListTooltip","Ajouter une nouvelle liste de tarifs","",1
"medical_pricelist","medical_pricelist.createPricelist.mutationLabel","Liste de tarifs cr\xe9e","",1
"medical_pricelist","medical_pricelist.deletePricelist.mutationLabel","Liste de tarifs supprim\xe9e - {name}","",1
"medical_pricelist","medical_pricelist.deletePricelistButton.buttonText","Delete","",1
"medical_pricelist","medical_pricelist.deletePricelistDialog.message","Are you sure you want to delete the pricelist {name}?","",1
"medical_pricelist","medical_pricelist.deletePricelistDialog.title","Effacer la liste de tarifs","",1
"medical_pricelist","medical_pricelist.deletePricelistTooltip","Supprimer","",1
"medical_pricelist","medical_pricelist.gql_mutation_pricelists_medical_items_add_perms","Medical Pricelist | Mutation Pricelists Medical Items Add","",1
"medical_pricelist","medical_pricelist.gql_mutation_pricelists_medical_items_delete_perms","Medical Pricelist | Mutation Pricelists Medical Items Delete","",1
"medical_pricelist","medical_pricelist.gql_mutation_pricelists_medical_items_update_perms","Medical Pricelist | Mutation Pricelists Medical Items Update","",1
"medical_pricelist","medical_pricelist.gql_mutation_pricelists_medical_services_add_perms","Medical Pricelist | Mutation Pricelists Medical Services Add","",1
"medical_pricelist","medical_pricelist.gql_mutation_pricelists_medical_services_delete_perms","Medical Pricelist | Mutation Pricelists Medical Services Delete","",1
"medical_pricelist","medical_pricelist.gql_mutation_pricelists_medical_services_update_perms","Medical Pricelist | Mutation Pricelists Medical Services Update","",1
"medical_pricelist","medical_pricelist.name","Nom","",1
"medical_pricelist","medical_pricelist.openNewTabButton.buttonText","Open","",1
"medical_pricelist","medical_pricelist.pickerNoOptionsLabel","No options available(no pricelist has a matching location)","",1
"medical_pricelist","medical_pricelist.pricelist_date","Date","",1
"medical_pricelist","medical_pricelist.pricelistForm.table.title","D\xe9tails","",1
"medical_pricelist","medical_pricelist.pricelistForm.title","Liste de tarifs ({label})","",1
"medical_pricelist","medical_pricelist.pricelistsSearcher.table.title","{count} listes de tarifs","",1
"medical_pricelist","medical_pricelist.priceOverruleDialog.clear.button","Effacer","",1
"medical_pricelist","medical_pricelist.priceOverruleDialog.title","D\xe9passer le tarif","",1
"medical_pricelist","medical_pricelist.priceOverruleDialog.yes.button","Sauvegarder","",1
"medical_pricelist","medical_pricelist.table.code","Code","",1
"medical_pricelist","medical_pricelist.table.editOverruleButton","\xc9diter","",1
"medical_pricelist","medical_pricelist.table.medicalItemName","medical_pricelist.table.medicalServiceName","",1
"medical_pricelist","medical_pricelist.table.medicalServiceName","Service Name","",1
"medical_pricelist","medical_pricelist.table.name","Nom","",1
"medical_pricelist","medical_pricelist.updatePricelist.mutationLabel","Liste de tarifs modifi\xe9e - {name}","",1
"openSearchReports","openSearchReports.dashboard.edit","Modifier le tableau de bord","",1
"openSearchReports","openSearchReports.dashboard.name","Nom du tableau de bord","",1
"openSearchReports","openSearchReports.dashboard.synchDisabled","Synchronisation d\xe9sactiv\xe9e","",1
"openSearchReports","openSearchReports.dashboard.synchStatus","Synchronisation d\xe9sactiv\xe9e","",1
"openSearchReports","openSearchReports.dashboard.url","URL du tableau de bord","",1
"openSearchReports","openSearchReports.dialog.cancel","Annuler","",1
"openSearchReports","openSearchReports.dialog.save","\xc9conomiser","",1
"openSearchReports","openSearchReports.dialog.title","Editer les d\xe9tails - {dashboardName}","",1
"openSearchReports","openSearchReports.openSearch","Tableaux de bord","",1
"openSearchReports","openSearchReports.openSearch.beneficiaryReports","Rapports sur les b\xe9n\xe9ficiaires","",1
"openSearchReports","openSearchReports.openSearch.dataUpdatesReports","Mises \xe0 jour des donn\xe9es Rapports","",1
"openSearchReports","openSearchReports.openSearch.grievanceReports","Rapports de griefs","",1
"openSearchReports","openSearchReports.openSearch.groupReports","Rapports des groupes","",1
"openSearchReports","openSearchReports.openSearch.individualReports","Rapports individuels","",1
"openSearchReports","openSearchReports.openSearch.invoiceReports","Rapports sur les factures","",1
"openSearchReports","openSearchReports.openSearch.openSearchConfig","G\xe9rer les tableaux de bord","",1
"openSearchReports","openSearchReports.openSearch.paymentReports","Rapports de paiement","",1
"openSearchReports","openSearchReports.openSearch.searcherResultsTitle","G\xe9rer les rapports et les tableaux de bord","",1
"payer","payer.AddFundingDialog.submit","Soumettre","",1
"payer","payer.AddFundingDialog.title","Ajouter un financement","",1
"payer","payer.address","Adresse","",1
"payer","payer.adminMenu.payers.title","Payeurs","",1
"payer","payer.createMutation.label","Cr\xe9er le payeur {name}","",1
"payer","payer.deleteMutation.label","Supprimer le payeur {name}","",1
"payer","payer.FundingPanel.table.addFunding","Ajouter un financement","",1
"payer","payer.FundingPanel.table.title","Financements","",1
"payer","payer.gql_mutation_payer_add_perms","Payer | Mutation Payer Add","",1
"payer","payer.gql_mutation_payer_delete_perms","Payer | Mutation Payer Delete","",1
"payer","payer.gql_mutation_payer_update_perms","Payer | Mutation Payer Update","",1
"payer","payer.name","Nom","",1
"payer","payer.payDate","Date de paie","",1
"payer","payer.PayerForm.title","Payeur {label}","",1
"payer","payer.PayerPicker.label","Payeur","",1
"payer","payer.updateMutation.label","Mise \xe0 jour du payeur {name}","",1
"payment","payment.addNewPayment.tooltip","Ajouter un nouveau paiement","",1
"payment","payment.addNewPayment.tooltip.selectPremium","S\xe9lectionner une contribution pour ajouter un paiement","",1
"payment","payment.addNewPaymentTooltip","Ajouter un nouveau paiement","",1
"payment","payment.CreatePayment.mutationLabel","Cr\xe9er un paiement","",1
"payment","payment.deletePayment.tooltip","Supprimer le paiement","",1
"payment","payment.deletePaymentDialog.message","\xcates-vous s\xfbr de vouloir supprimer ce paiement ?","",1
"payment","payment.deletePaymentDialog.title","Supprimer le paiement","",1
"payment","payment.deletePaymentDialog.yes.button","Oui","",1
"payment","payment.gql_mutation_create_payments_perms","Payment | Mutation Create Payments","",1
"payment","payment.gql_mutation_delete_payments_perms","Payment | Mutation Delete Payments","",1
"payment","payment.gql_mutation_update_payments_perms","Payment | Mutation Update Payments","",1
"payment","payment.menu.payments","Paiements","",1
"payment","payment.payment.dateLastSms","Date du dernier SMS","",1
"payment","payment.payment.matchedDate","Date d'association","",1
"payment","payment.payment.officerCode","Code de l'agent","",1
"payment","payment.payment.receiptNo","N\xb0 de re\xe7u","",1
"payment","payment.payment.receivedDate","Date de r\xe9ception","",1
"payment","payment.payment.receivedDateFrom","Date de r\xe9ception depuis","",1
"payment","payment.payment.receivedDateTo","Date de r\xe9ception jusqu'\xe0","",1
"payment","payment.payment.requestDate","Date de la demande","",1
"payment","payment.payment.requestDateFrom","Date de la demande depuis","",1
"payment","payment.payment.requestDateTo","Date de la demande jusqu'\xe0","",1
"payment","payment.payment.status","Statut","",1
"payment","payment.payment.status.-1","Rejet\xe9","",1
"payment","payment.payment.status.-2","Rejet\xe9","",1
"payment","payment.payment.status.-3","Rejet\xe9","",1
"payment","payment.payment.status.-4","\xc9chec de la R\xe9ception du Paiement","",1
"payment","payment.payment.status.-5","\xc9chec de correspondance","",1
"payment","payment.payment.status.0","Annul\xe9","",1
"payment","payment.payment.status.1","Pas encore confirm\xe9e","",1
"payment","payment.payment.status.2","Envoy\xe9","",1
"payment","payment.payment.status.3","Assign\xe9","",1
"payment","payment.payment.status.4","Non-associ\xe9","",1
"payment","payment.payment.status.5","Associ\xe9","",1
"payment","payment.payment.status.none",".","",1
"payment","payment.payment.status.null","Tous","",1
"payment","payment.PaymentFilter.status","Statut","",1
"payment","payment.PaymentOverview.title","D\xe9tails Paiement","",1
"payment","payment.UpdatePayment.mutationLabel","Modifier le paiement","",1
"paymentCycle","paymentCycle.bills.code","Code","",1
"paymentCycle","paymentCycle.bills.dateBill","Date Facture","",1
"paymentCycle","paymentCycle.bills.searcherResultsTitle","{billsTotalCount} Factures trouv\xe9es","",1
"paymentCycle","paymentCycle.bills.status.CANCELLED","Annul\xe9","",1
"paymentCycle","paymentCycle.bills.status.DELETED","Supprim\xe9","",1
"paymentCycle","paymentCycle.bills.status.DRAFT","Projet","",1
"paymentCycle","paymentCycle.bills.status.label","Statut","",1
"paymentCycle","paymentCycle.bills.status.PAYED","Pay\xe9","",1
"paymentCycle","paymentCycle.bills.status.SUSPENDED","Suspendu","",1
"paymentCycle","paymentCycle.bills.status.VALIDATED","Valid\xe9","",1
"paymentCycle","paymentCycle.button.showDuplicateSummary","Afficher le r\xe9sum\xe9 des doublons","",1
"paymentCycle","paymentCycle.create.mutationLabel","Le cycle de paiement {code} a \xe9t\xe9 cr\xe9\xe9.","",1
"paymentCycle","paymentCycle.createButton.tooltip","Create","",1
"paymentCycle","paymentCycle.deduplicate.button.cancel","Annuler","",1
"paymentCycle","paymentCycle.deduplicate.fields.placeholder","S\xe9lection du champ de d\xe9tection des doublons","",1
"paymentCycle","paymentCycle.deduplicate.title","Paiements D\xe9duplication","",1
"paymentCycle","paymentCycle.label.code","Code","",1
"paymentCycle","paymentCycle.label.dateValidFrom","Date de d\xe9but","",1
"paymentCycle","paymentCycle.label.dateValidTo","Date \xe0","",1
"paymentCycle","paymentCycle.paymentCycle.code","Code","",1
"paymentCycle","paymentCycle.paymentCycle.endDate","Date de fin","",1
"paymentCycle","paymentCycle.paymentCycle.page.title","G\xe9n\xe9rer un cycle de paiement","",1
"paymentCycle","paymentCycle.paymentCycle.searcherResultsTitle","{paymentCyclesTotalCount} Cycles de paiement","",1
"paymentCycle","paymentCycle.paymentCycle.startDate","Date de d\xe9but","",1
"paymentCycle","paymentCycle.paymentCycle.status","Statut","",1
"paymentCycle","paymentCycle.PaymentCycleBillsTab.label","Factures","",1
"paymentCycle","paymentCycle.PaymentCycleHeadPanel.label.code","Code","",1
"paymentCycle","paymentCycle.PaymentCycleHeadPanel.label.endDate","Date de fin","",1
"paymentCycle","paymentCycle.PaymentCycleHeadPanel.label.startDate","Date de d\xe9but","",1
"paymentCycle","paymentCycle.PaymentCycleHeadPanel.label.status","Statut","",1
"paymentCycle","paymentCycle.PaymentCyclePage.title","Cycle de paiement {code} ","",1
"paymentCycle","paymentCycle.paymentCycles.page.title","Cycles de paiement","",1
"paymentCycle","paymentCycle.paymentCycleStatusPicker","Statut du cycle de paiement","",1
"paymentCycle","paymentCycle.paymentCycleStatusPicker.ACTIVE","ACTIF","",1
"paymentCycle","paymentCycle.paymentCycleStatusPicker.null","ANY","",1
"paymentCycle","paymentCycle.paymentCycleStatusPicker.PENDING","EN ATTENTE","",1
"paymentCycle","paymentCycle.paymentCycleStatusPicker.SUSPENDED","SUSPENDU","",1
"paymentCycle","paymentCycle.PaymentDuplicatesTable.merge.header","Supprimer le paiement","",1
"paymentCycle","paymentCycle.saveButton.tooltip","Enregistrer les modifications","",1
"paymentCycle","paymentCycle.searcherResultsTitle","{paymentCyclesTotalCount} Payment Cycles Found","",1
"paymentCycle","paymentCycle.tasks.deduplication.title","T\xe2che de d\xe9duplication des paiements","",1
"paymentCycle","paymentCycle.tasks.update.title","T\xe2ches du cycle de paiement","",1
"paymentCycle","paymentCycle.tooltip.any","Tous","",1
"paymentCycle","paymentCycle.tooltip.edit","Editer","",1
"paymentCycle","paymentCycle.update.mutationLabel","Le cycle de paiement {code} a \xe9t\xe9 mis \xe0 jour.","",1
"paymentCycle","paymentCycle.viewDetailsButton.tooltip","D\xe9tails","",1
"payroll","payroll.additonalFields.close","Fermer","",1
"payroll","payroll.additonalFields.label","Champs suppl\xe9mentaires","",1
"payroll","payroll.additonalFields.showAdditionalFields","Afficher les champs suppl\xe9mentaires","",1
"payroll","payroll.advancedCriteria.none","No additional filters applied.","",1
"payroll","payroll.advancedFilters.button.addFilters","Ajouter un filtre","",1
"payroll","payroll.advancedFilters.button.advancedFilters","Filtres avanc\xe9s","",1
"payroll","payroll.advancedFilters.button.cancel","Annuler","",1
"payroll","payroll.advancedFilters.button.clearAllFilters","Effacer tous les filtres","",1
"payroll","payroll.advancedFilters.button.filter","Filtre","",1
"payroll","payroll.benefitAttachment.searcherResultsTitle","{benefitAttachmentsTotalCount} Avantages constat\xe9s","",1
"payroll","payroll.benefitConsumption.cancel","Annuler","",1
"payroll","payroll.benefitConsumption.code","Code","",1
"payroll","payroll.benefitConsumption.dateDue","Date d'\xe9ch\xe9ance","",1
"payroll","payroll.benefitConsumption.delete.confirm.message","\xcates-vous s\xfbr de vouloir supprimer la consommation de prestations ? Une fois que vous avez cliqu\xe9 sur confirmer, une approbation suppl\xe9mentaire au niveau de la t\xe2che est n\xe9cessaire pour la supprimer d\xe9finitivement.","",1
"payroll","payroll.benefitConsumption.delete.confirm.title","Supprimer la consommation de prestations","",1
"payroll","payroll.benefitConsumption.individual.firstName","Pr\xe9nom","",1
"payroll","payroll.benefitConsumption.individual.lastName","Nom de famille","",1
"payroll","payroll.benefitConsumption.paymentDate","Date de paiement","",1
"payroll","payroll.benefitConsumption.payroll.benefitPlanName","R\xe9gime de prestations","",1
"payroll","payroll.benefitConsumption.payroll.endDate","Date de fin de comptabilit\xe9","",1
"payroll","payroll.benefitConsumption.payroll.name","Nom de la paie","",1
"payroll","payroll.benefitConsumption.payroll.startDate","Date de d\xe9but de la comptabilit\xe9","",1
"payroll","payroll.benefitConsumption.searcherResultsTitle","{benefitConsumptionsTotalCount} Consommation de prestations constat\xe9e","",1
"payroll","payroll.benefitConsumption.status","Statut","",1
"payroll","payroll.benefitConsumption.status.CANCELLED","Annul\xe9","",1
"payroll","payroll.benefitConsumption.status.DELETED","Supprim\xe9","",1
"payroll","payroll.benefitConsumption.status.DRAFT","Projet","",1
"payroll","payroll.benefitConsumption.status.PAYED","Pay\xe9","",1
"payroll","payroll.benefitConsumption.status.SUSPENDED","Suspendu","",1
"payroll","payroll.benefitConsumption.status.VALIDATED","Valid\xe9","",1
"payroll","payroll.benefitConsumptionStatusPicker","Statut","",1
"payroll","payroll.benefitConsumptionStatusPicker.ACCEPTED","ACCEPT\xc9","",1
"payroll","payroll.benefitConsumptionStatusPicker.APPROVE_FOR_PAYMENT","APPROUVER LE PAIEMENT","",1
"payroll","payroll.benefitConsumptionStatusPicker.CREATED","CR\xc9\xc9","",1
"payroll","payroll.benefitConsumptionStatusPicker.DUPLICATE","DUPLICAT","",1
"payroll","payroll.benefitConsumptionStatusPicker.RECONCILED","RECONCILI\xc9","",1
"payroll","payroll.benefitConsumptionStatusPicker.REJECTED","REJET\xc9","",1
"payroll","payroll.createButton.tooltip","Create","",1
"payroll","payroll.errorSummary.close","Fermer","",1
"payroll","payroll.errorSummary.outputGateway.noInfo"," La passerelle de paiement n'indique pas pourquoi la facture n'est pas rapproch\xe9e. Veuillez contacter l'administrateur pour une enqu\xeate plus approfondie !","",1
"payroll","payroll.errorSummary.title","R\xe9sum\xe9 des erreurs","",1
"payroll","payroll.gql_csv_reconciliation_create_perms","Payroll | Csv Reconciliation Create","",1
"payroll","payroll.gql_csv_reconciliation_search_perms","Payroll | Csv Reconciliation Search","",1
"payroll","payroll.gql_payment_point_create_perms","Payroll | Payment Point Create","",1
"payroll","payroll.gql_payment_point_delete_perms","Payroll | Payment Point Delete","",1
"payroll","payroll.gql_payment_point_search_perms","Payroll | Payment Point Search","",1
"payroll","payroll.gql_payment_point_update_perms","Payroll | Payment Point Update","",1
"payroll","payroll.gql_payroll_create_perms","Payroll | Payroll Create","",1
"payroll","payroll.gql_payroll_delete_perms","Payroll | Payroll Delete","",1
"payroll","payroll.gql_payroll_search_perms","Payroll | Payroll Search","",1
"payroll","payroll.paymentData.upload.label","T\xe9l\xe9charger les donn\xe9es de paiement","",1
"payroll","payroll.paymentPoint.delete.confirm.message","\xcates-vous s\xfbr de vouloir supprimer le point de paiement ? Cette op\xe9ration entra\xeenera des modifications permanentes et irr\xe9versibles.","",1
"payroll","payroll.paymentPoint.delete.confirm.title","Supprimer le point de paiement {name}","",1
"payroll","payroll.paymentPoint.label","Point de paiement","",1
"payroll","payroll.paymentPoint.mutation.createLabel","Cr\xe9er un point de paiement {id}","",1
"payroll","payroll.paymentPoint.mutation.deleteLabel","Supprimer le point de paiement {id}","",1
"payroll","payroll.paymentPoint.mutation.updateLabel","Mise \xe0 jour du point de paiement {id}","",1
"payroll","payroll.paymentPoint.name","Nom","",1
"payroll","payroll.paymentPoint.page.title","Points de paiement","",1
"payroll","payroll.PaymentPointPage.title","Point de paiement {name}","",1
"payroll","payroll.paymentPointPicker.label","Point de paiement","",1
"payroll","payroll.paymentPointPicker.placeholder","Point de paiement","",1
"payroll","payroll.PaymentPointSearcher.results","{totalCount} Points de paiement trouv\xe9s","",1
"payroll","payroll.payroll.dateValidFrom","Valid From","",1
"payroll","payroll.payroll.dateValidTo","Valid To","",1
"payroll","payroll.payroll.delete.confirm.message","\xcates-vous s\xfbr de vouloir supprimer la paie ? Cela entra\xeenera des modifications permanentes et irr\xe9versibles.","",1
"payroll","payroll.payroll.delete.confirm.title","Supprimer la paie {name}","",1
"payroll","payroll.payroll.mutation.create","Cr\xe9er une paie {id}","",1
"payroll","payroll.payroll.mutation.deleteLabel","Supprimer la paie {id}","",1
"payroll","payroll.payroll.name","Nom","",1
"payroll","payroll.payroll.page.title","Paiements","",1
"payroll","payroll.payroll.payrollStatusPicker","Statut","",1
"payroll","payroll.payroll.payrollStatusPicker.APPROVE_FOR_PAYMENT","APPROUVER LE PAIEMENT","",1
"payroll","payroll.payroll.payrollStatusPicker.PENDING_APPROVAL","EN ATTENTE D'APPROBATION","",1
"payroll","payroll.payroll.payrollStatusPicker.placeholder","Statut","",1
"payroll","payroll.payroll.payrollStatusPicker.RECONCILED","RECONCILI\xc9","",1
"payroll","payroll.payroll.payrollStatusPicker.REJECTED","REJET\xc9","",1
"payroll","payroll.payroll.status","Statut","",1
"payroll","payroll.payrollBenefitConsumption.searcherResultsTitle","{payrollBenefitConsumptionsTotalCount} Consommation de prestations constat\xe9e","",1
"payroll","payroll.PayrollBenefitConsumptionTab.label","Consommation de prestations","",1
"payroll","payroll.payrollPage.title","Paiements","",1
"payroll","payroll.payrollPaymentFile.fileName","Nom de fichier","",1
"payroll","payroll.payrollPaymentFile.status","Statut","",1
"payroll","payroll.payrollPaymentFilesSearcher.results","{totalCount} Fichiers trouv\xe9s","",1
"payroll","payroll.PayrollPaymentFilesTab.label","Fichiers de paiement","",1
"payroll","payroll.payrollSearcher.results","{totalCount} Paiements trouv\xe9s","",1
"payroll","payroll.PayrollTaskTab.label","T\xe2ches","",1
"payroll","payroll.summary.approveAndClose","Approbation et cl\xf4ture","",1
"payroll","payroll.summary.benefit_delete","Supprimer","",1
"payroll","payroll.summary.close","Fermer","",1
"payroll","payroll.summary.createPaymentForFailedInvoice","Cr\xe9er un paiement pour une facture \xe9chou\xe9e","",1
"payroll","payroll.summary.name","Nom","",1
"payroll","payroll.tasks.delete.title","Supprimer des t\xe2ches de paie","",1
"payroll","payroll.tasks.reconciliation.title","T\xe2ches de rapprochement des salaires","",1
"payroll","payroll.tasks.rejected.title","Paiements rejet\xe9s","",1
"payroll","payroll.tasks.update.title","Approuver les t\xe2ches li\xe9es \xe0 la paie","",1
"payroll","payroll.tooltip.any","Tous","",1
"payroll","payroll.tooltip.createButton","Cr\xe9er","",1
"payroll","payroll.tooltip.delete","Supprimer","",1
"payroll","payroll.tooltip.download","T\xe9l\xe9charger","",1
"payroll","payroll.tooltip.edit","Editer","",1
"payroll","payroll.tooltip.isDeleted","Afficher supprim\xe9","",1
"payroll","payroll.tooltip.save","\xc9conomiser","",1
"payroll","payroll.tooltip.viewDetails","Voir les d\xe9tails","",1
"payroll","payroll.viewDetailsButton.tooltip","D\xe9tails","",1
"policy","policy.action.AddPolicy.buttonText","Add policy","",1
"policy","policy.action.AddPolicy.tooltip","Cr\xe9er une nouvelle police","",1
"policy","policy.action.DeletePolicy.buttonText","Delete","",1
"policy","policy.action.DeletePolicy.tooltip","Supprimer la police","",1
"policy","policy.action.RenewPolicy.buttonText","Renew","",1
"policy","policy.action.RenewPolicy.tooltip","Renouveler la police","",1
"policy","policy.action.suspend.tooltip","Suspendre la police","",1
"policy","policy.action.SuspendPolicy.buttonText","Suspend","",1
"policy","policy.action.SuspendPolicy.tooltip","Suspendre la politice","",1
"policy","policy.CreatePolicy.mutationLabel","Cr\xe9ation de la police {policy}","",1
"policy","policy.DeletePolicy.mutationLabel","Suppression de la police {policy}","",1
"policy","policy.deletePolicyDialog.message","\xcates-vous s\xfbr de vouloir supprimer la police {label} ? Les contributions li\xe9es seront supprim\xe9es (mais pas les paiements).","",1
"policy","policy.deletePolicyDialog.title","Supprimer la police?","",1
"policy","policy.dialogActions.goBack","Retourner","",1
"policy","policy.dispatchExpiryDate.message","Votre police a \xe9t\xe9 enregistr\xe9e avec la date d'expiration suivante : {label}","",1
"policy","policy.dispatchExpiryDate.title","Date d'expiration de la police ","",1
"policy","policy.gql_mutation_create_policies_perms","Policy | Mutation Create Policies","",1
"policy","policy.gql_mutation_delete_policies_perms","Policy | Mutation Delete Policies","",1
"policy","policy.gql_mutation_edit_policies_perms","Policy | Mutation Edit Policies","",1
"policy","policy.insureeEligibility.item.search","Chercher un produit m\xe9dical","",1
"policy","policy.insureeEligibility.minDate","Min Date","",1
"policy","policy.insureeEligibility.service.search","Recherche un soin","",1
"policy","policy.menu.policies","Polices","",1
"policy","policy.policies.effectiveDate","Date d'effet","",1
"policy","policy.policies.enrollDate","Date d'inscription","",1
"policy","policy.policies.enrolmentDate","Date d'adh\xe9sion","",1
"policy","policy.policies.expiryDate","Date d'expiration","",1
"policy","policy.policies.header","{count} Polices","",1
"policy","policy.policies.noActivePolicy","Pas de Police active","",1
"policy","policy.policies.nonHospitalCeiling","Plafond non hospitalier","",1
"policy","policy.policies.nonHospitalDeduction","D\xe9duction non hospitali\xe8re","",1
"policy","policy.policies.productCode","Code Paquet de b\xe9n\xe9fice","",1
"policy","policy.policies.productName","Nom","",1
"policy","policy.policies.status","Statut","",1
"policy","policy.policies.status.0","Aucun","",1
"policy","policy.policies.status.1","En attente","",1
"policy","policy.policies.status.2","Active","",1
"policy","policy.policies.status.4","Suspendue","",1
"policy","policy.policies.status.8","Expir\xe9e","",1
"policy","policy.policiesOfInsuree.header","{count} Politices de l'assur\xe9 {chfId}","",1
"policy","policy.Policy.details.title","D\xe9tails de la police","",1
"policy","policy.Policy.effectiveDate","Date d'entr\xe9e en vigueur","",1
"policy","policy.Policy.enrollDate","Date d'adh\xe9sion","",1
"policy","policy.Policy.expiryDate","Date d'expiration","",1
"policy","policy.Policy.payInOneInstallment","Payer en un seul versement","",1
"policy","policy.Policy.startDate","Date de d\xe9but","",1
"policy","policy.Policy.title","Police {label}","",1
"policy","policy.Policy.values.title","Valeurs de la police","",1
"policy","policy.PolicyFilter.effectiveDateFrom","En vigueur \xe0 partir du","",1
"policy","policy.PolicyFilter.effectiveDateTo","En vigueur jusqua'au","",1
"policy","policy.PolicyFilter.enrollDateFrom","Inscription \xe0 partir de","",1
"policy","policy.PolicyFilter.enrollDateTo","Inscription jusqu'\xe0","",1
"policy","policy.PolicyFilter.expiryDateFrom","Expiration \xe0 partir de","",1
"policy","policy.PolicyFilter.expiryDateTo","Expiration jusqu'au","",1
"policy","policy.PolicyFilter.policyStatus","Statut police","",1
"policy","policy.PolicyFilter.product.label","Paquet de b\xe9n\xe9fice","",1
"policy","policy.PolicyFilter.product.placeholder","Rechercher un paquet de b\xe9n\xe9fice...","",1
"policy","policy.PolicyFilter.startDateFrom","Date de d\xe9but \xe0 partir de","",1
"policy","policy.PolicyFilter.startDateTo","Date de d\xe9but jusqua'au","",1
"policy","policy.PolicyOfficer.none","Aucun","",1
"policy","policy.PolicyOfficerPicker.label","Agent","",1
"policy","policy.PolicyOfficerPicker.placeholder","Rechercher un agent...","",1
"policy","policy.PolicyRenewalsReport.dateEnd","Date \xe0","",1
"policy","policy.PolicyRenewalsReport.dateStart","Date du","",1
"policy","policy.PolicyStatus","Statut","",1
"policy","policy.PolicyStatus.1","Entr\xe9e","",1
"policy","policy.PolicyStatus.16","Pr\xeate","",1
"policy","policy.PolicyStatus.2","Active","",1
"policy","policy.PolicyStatus.4","Suspendue","",1
"policy","policy.PolicyStatus.8","Expir\xe9e","",1
"policy","policy.PolicyStatus.none","Aucun","",1
"policy","policy.PolicyStatus.null","Tous","",1
"policy","policy.policySummaries.delete",".","",1
"policy","policy.policySummaries.effectiveDate","Effective","",1
"policy","policy.policySummaries.enrollDate","Inscription","",1
"policy","policy.policySummaries.expiryDate","Expiration","",1
"policy","policy.policySummaries.name","Nom","",1
"policy","policy.policySummaries.openNewTabButton.tooltip","Ouvrir dans un nouvel onglet","",1
"policy","policy.policySummaries.startDate","D\xe9but","",1
"policy","policy.policySummaries.status","Statut","",1
"policy","policy.policyValues.alert.title","Avertissement sur les valeurs de la police :","",1
"policy","policy.suspendPolicyDialog.title","Suspendre la police?","",1
"policy","policy.UpdatePolicy.mutationLabel","Mettre \xe0 jour la police {policy}","",1
"policyHolder","policyHolder.activityCode","Code d'activit\xe9","",1
"policyHolder","policyHolder.address","Adresse","",1
"policyHolder","policyHolder.code","Code","",1
"policyHolder","policyHolder.contactName","Nom du contact","",1
"policyHolder","policyHolder.contributionPlanBundle.label","Paquets de r\xe9gimes de cotisation","",1
"policyHolder","policyHolder.createButton.tooltip","Cr\xe9er un nouveau titulaire de police","",1
"policyHolder","policyHolder.CreatePolicyHolder.mutationLabel","Cr\xe9er le titulaire de la police - {label}","",1
"policyHolder","policyHolder.CreatePolicyHolderContributionPlanBundle.mutationLabel","Cr\xe9er un paquet de r\xe9gimes de cotisation pour {code} - {tradeName}","",1
"policyHolder","policyHolder.CreatePolicyHolderInsuree.mutationLabel","Cr\xe9ation d'un titulaire de police pour {code} - {nom du commerce}","",1
"policyHolder","policyHolder.CreatePolicyHolderUser.mutationLabel","{user} est ajout\xe9 sur {policyHolder}","",1
"policyHolder","policyHolder.dateValidFrom","Date de d\xe9but de validit\xe9","",1
"policyHolder","policyHolder.dateValidTo","Date de validit\xe9 jusqu'au","",1
"policyHolder","policyHolder.deleteButton.tooltip","Supprimer","",1
"policyHolder","policyHolder.deletePolicyHolder.confirm.message","\xcates-vous s\xfbr de vouloir supprimer {code} - {nom du commerce} ?","",1
"policyHolder","policyHolder.deletePolicyHolder.confirm.title","Supprimer {code} - {tradeName} ?","",1
"policyHolder","policyHolder.DeletePolicyHolder.mutationLabel","Supprimer le titulaire de la police - {code} - {tradeName}","",1
"policyHolder","policyHolder.DeletePolicyHolderContributionPlanBundle.mutationLabel","Supprimer le paquet de r\xe9gimes de cotisation de {code} - {tradeName}","",1
"policyHolder","policyHolder.DeletePolicyHolderInsuree.mutationLabel","Supprimer le titulaire de la police de {code} - {nom commercial}.","",1
"policyHolder","policyHolder.DeletePolicyHolderUser.mutationLabel","{user} est supprim\xe9 de {policyHolder}.","",1
"policyHolder","policyHolder.dialog.cancel","Annuler","",1
"policyHolder","policyHolder.dialog.create","Cr\xe9er","",1
"policyHolder","policyHolder.dialog.delete.message","La suppression des donn\xe9es ne signifie pas leur effacement de la base de donn\xe9es openIMIS. La donn\xe9e sera seulement d\xe9sactiv\xe9e de la liste visualis\xe9e.","",1
"policyHolder","policyHolder.dialog.update","Sauvegarder","",1
"policyHolder","policyHolder.displayName","Nom d'affichage","",1
"policyHolder","policyHolder.EconomicUnitChangeButton.label","Changer l'entreprise","",1
"policyHolder","policyHolder.EconomicUnitPicker.label","Unit\xe9 \xe9conomique","",1
"policyHolder","policyHolder.editButton.tooltip","Modifier","",1
"policyHolder","policyHolder.generalInfoPanel.title","Informations g\xe9n\xe9rales","",1
"policyHolder","policyHolder.isDeleted","Afficher supprim\xe9s","",1
"policyHolder","policyHolder.menu.policyHolders","Titulaires de police","",1
"policyHolder","policyHolder.menu.policyHolderUsers","Utilisateurs titulaires de la police","",1
"policyHolder","policyHolder.name","Nom","",1
"policyHolder","policyHolder.policyHolder.page.title","Titulaire de la police {label}","",1
"policyHolder","policyHolder.policyHolderContributionPlanBundle.createPolicyHolderContributionPlanBundle","Cr\xe9er un nouvel paquet de r\xe9gimes de cotisation","",1
"policyHolder","policyHolder.policyHolderContributionPlanBundle.dialog.delete.title","\xcates-vous s\xfbr de vouloir supprimer {code} - {name} ?","",1
"policyHolder","policyHolder.policyHolderContributionPlanBundle.dialog.edit.title","Modifier le paquet de r\xe9gimes de cotisations","",1
"policyHolder","policyHolder.policyHolderContributionPlanBundle.dialog.replace.title","Ajouter une nouvelle version du paquet de r\xe9gime de cotisations","",1
"policyHolder","policyHolder.policyHolderContributionPlanBundle.isDeleted","Afficher les regroupements de r\xe9gimes de cotisation supprim\xe9s","",1
"policyHolder","policyHolder.policyHolderContributionPlanBundle.searcher.title","{policyHolderContributionPlanBundlesTotalCount} Paquets de r\xe9gimes de cotisation trouv\xe9s","",1
"policyHolder","policyHolder.policyHolderInsuree.createPolicyHolderInsuree","Cr\xe9er un nouveau titulaire de police","",1
"policyHolder","policyHolder.policyHolderInsuree.dialog.delete.title","\xcates-vous s\xfbr de vouloir supprimer {otherNames} {lastName}?","",1
"policyHolder","policyHolder.policyHolderInsuree.dialog.edit.title","Modifier le Titulaire de la police","",1
"policyHolder","policyHolder.policyHolderInsuree.dialog.replace.title","Ajouter une nouvelle version de titulaire de police","",1
"policyHolder","policyHolder.policyHolderInsuree.isDeleted","Afficher les assur\xe9s supprim\xe9s","",1
"policyHolder","policyHolder.policyHolderInsuree.label","Titulaires de police","",1
"policyHolder","policyHolder.policyHolderInsuree.searcher.title","{policyHolderInsureesTotalCount} Assur\xe9s du titulaire de la police trouv\xe9s","",1
"policyHolder","policyHolder.policyHolders.page.title","Titulaires de police","",1
"policyHolder","policyHolder.policyHolders.searcher.results.title","{policyHoldersTotalCount} Titulaires de polices trouv\xe9s","",1
"policyHolder","policyHolder.policyHolderUser.createPolicyHolderUser","Cr\xe9er un nouvel utilisateur titulaire de la police","",1
"policyHolder","policyHolder.policyHolderUser.dateValidFrom","Date de d\xe9but de validit\xe9","",1
"policyHolder","policyHolder.policyHolderUser.dateValidTo","Date de validit\xe9 jusqu'au","",1
"policyHolder","policyHolder.policyHolderUser.dialog.delete.title","\xcates-vous s\xfbr de vouloir supprimer {user} ?","",1
"policyHolder","policyHolder.policyHolderUser.dialog.replace.title","Ajouter une nouvelle version de l'utilisateur titulaire de la police","",1
"policyHolder","policyHolder.policyHolderUser.dialog.update.title","Modifier l'utilisateur titulaire de la police","",1
"policyHolder","policyHolder.policyHolderUser.isDeleted","Afficher les utilisateurs supprim\xe9s","",1
"policyHolder","policyHolder.policyHolderUser.searcher.results.title","{policyHolderUsersTotalCount} Utilisateurs titulaires de politiques trouv\xe9s","",1
"policyHolder","policyHolder.policyHolderUser.userName","Nom de l'utilisateur","",1
"policyHolder","policyHolder.replaceButton.tooltip","Remplacer","",1
"policyHolder","policyHolder.savePolicyHolderButton.tooltip.disabled","Veuillez d'abord remplir les champs d'informations g\xe9n\xe9rales","",1
"policyHolder","policyHolder.savePolicyHolderButton.tooltip.enabled","Sauvegarder les changements","",1
"policyHolder","policyHolder.selectEconomicUnit.confirm","Confirmer","",1
"policyHolder","policyHolder.selectEconomicUnit.description","En confirmant l'entreprise, vous acceptez le {link} et consentez au traitement de vos donn\xe9es personnelles.","",1
"policyHolder","policyHolder.selectEconomicUnit.gdpr","D\xe9claration GDPR","",1
"policyHolder","policyHolder.selectEconomicUnit.logout","D\xe9connexion","",1
"policyHolder","policyHolder.selectEconomicUnit.title","S\xe9lectionner l'unit\xe9 \xe9conomique","",1
"policyHolder","policyHolder.tradeName","Nom commercial","",1
"policyHolder","policyHolder.UpdatePolicyHolder.mutationLabel","Mise \xe0 jour du titulaire de la police - {label}","",1
"policyHolder","policyHolder.UpdatePolicyHolderContributionPlanBundle.mutationLabel","Mise \xe0 jour du paquet de r\xe9gimes de cotisation de {code} - {tradeName}","",1
"policyHolder","policyHolder.UpdatePolicyHolderInsuree.mutationLabel","Mise \xe0 jour du titulaire de la police de {code} - {nom commercial}","",1
"policyHolder","policyHolder.UpdatePolicyHolderUser.mutationLabel","{user} - {policyHolder} est mis \xe0 jour","",1
"product","product.code","Code","",1
"product","product.contributionCode","Code de contribution","",1
"product","product.createMutation.label","Cr\xe9er le Paquet de b\xe9n\xe9fice {name}","",1
"product","product.CycleInput.date","Date","",1
"product","product.dateFrom","Date du","",1
"product","product.dateTo","Date \xe0","",1
"product","product.DeductiblesCeilingsTabForm.nonHospitals","Non-h\xf4pitaux","",1
"product","product.deleteMutation.label","Supprimer le Paquet de b\xe9n\xe9fice {name}","",1
"product","product.deleteProductDialog.message","\xcates-vous s\xfbr de vouloir supprimer le Paquet de b\xe9n\xe9fice {name} ?","",1
"product","product.deleteProductDialog.title","Supprimer le Paquet de b\xe9n\xe9fice","",1
"product","product.duplicateMutation.label","Dupliquer Paquet de b\xe9n\xe9fice {name}","",1
"product","product.gql_mutation_products_add_perms","Product | Mutation Products Add","",1
"product","product.gql_mutation_products_delete_perms","Product | Mutation Products Delete","",1
"product","product.gql_mutation_products_edit_perms","Product | Mutation Products Edit","",1
"product","product.ItemsOrServicesGrid.addItemsButton","Ajouter des \xe9l\xe9ments","",1
"product","product.ItemsOrServicesGrid.addServicesButton","Ajouter des soins","",1
"product","product.ItemsOrServicesGrid.ceilingExclusion.NON_HOSPITAL","Non-hospitalier","",1
"product","product.ItemsOrServicesGrid.code","Code","",1
"product","product.ItemsOrServicesGrid.limitNoAdult","No max - adulte","",1
"product","product.ItemsOrServicesGrid.limitNoChild","No max - enfant","",1
"product","product.ItemsOrServicesGrid.name","Nom","",1
"product","product.name","Nom","",1
"product","product.Product.none","Aucun","",1
"product","product.ProductForm.title","Paquet de b\xe9n\xe9fice {label}","",1
"product","product.ProductItemsDialog.cancel","Annuler","",1
"product","product.ProductItemsDialog.emptySubmit","Ajouter des \xe9l\xe9ments","",1
"product","product.ProductItemsDialog.submit","Ajouter {count} \xe9l\xe9ments","",1
"product","product.ProductPicker.placeholder","Rechercher un Paquet de b\xe9n\xe9fice...","",1
"product","product.ProductSalesReport.dateFrom","Du","",1
"product","product.ProductSalesReport.dateTo","\xe0","",1
"product","product.ProductSearcher.deleteProductButton","Delete","",1
"product","product.ProductSearcher.deleteProductTooltip","Supprimer le Paquet de b\xe9n\xe9fice","",1
"product","product.ProductSearcher.duplicateProductButton","Duplicate","",1
"product","product.ProductSearcher.duplicateProductTooltip","Dupliquer Paquet de b\xe9n\xe9fice","",1
"product","product.ProductSearcher.openNewTab","Ouvrir dans un nouvel onglet","",1
"product","product.ProductSearcher.openNewTabButton","Open","",1
"product","product.ProductSearcher.tableTitle","{count} Paquets de b\xe9n\xe9fice","",1
"product","product.ProductsPage.addNewProduct","Ajouter un nouveau Paquet de b\xe9n\xe9fice","",1
"product","product.remunerationCode","Code de r\xe9mun\xe9ration","",1
"product","product.updateMutation.label","Mise \xe0 jour du Paquet de b\xe9n\xe9fice {name}","",1
"profile","profile.ChangePasswordPage.notEqualError","Les mots de passe ne sont pas les m\xeames","",1
"profile","profile.ChangePasswordPage.submitButton","Soumettre","",1
"profile","profile.ChangePasswordPage.title","Changer de mot de passe","",1
"profile","profile.lastName","Nom de famille","",1
"profile","profile.mainMenu","Profil","",1
"profile","profile.menu.changePassword","Changer de mot de passe","",1
"profile","profile.menu.myProfile","Mon profil","",1
"profile","profile.MyProfilePage.title","Mon profil","",1
"profile","profile.userName","Nom d'utilisateur","",1
"report","report.gql_mutation_report_add_perms","Report | Mutation Report Add","",1
"report","report.gql_mutation_report_delete_perms","Report | Mutation Report Delete","",1
"report","report.gql_mutation_report_edit_perms","Report | Mutation Report Edit","",1
"report","report.gql_reports_status_of_register_perms","Report | Status Of Register","",1
"socialProtection","socialProtection.beneficiaries.grievances.searcherResultsTitle","{beneficiariesTotalCount} Griefs trouv\xe9s","",1
"socialProtection","socialProtection.beneficiaries.members.searcherResultsTitle","{individualsTotalCount} Individus trouv\xe9s","",1
"socialProtection","socialProtection.beneficiaries.payments.searcherResultsTitle","{beneficiariesTotalCount} Paiements trouv\xe9s","",1
"socialProtection","socialProtection.beneficiaries.searcherResultsTitle","{beneficiariesTotalCount} B\xe9n\xe9ficiaires","",1
"socialProtection","socialProtection.beneficiary.beneficiaryStatusPicker","Statut","",1
"socialProtection","socialProtection.beneficiary.beneficiaryStatusPicker.ACTIVE","ACTIF","",1
"socialProtection","socialProtection.beneficiary.beneficiaryStatusPicker.GRADUATED","GRADU\xc9","",1
"socialProtection","socialProtection.beneficiary.beneficiaryStatusPicker.POTENTIAL","POTENTIEL","",1
"socialProtection","socialProtection.beneficiary.beneficiaryStatusPicker.SUSPENDED","SUSPENDU","",1
"socialProtection","socialProtection.beneficiary.code","Code","",1
"socialProtection","socialProtection.beneficiary.firstName","Pr\xe9nom","",1
"socialProtection","socialProtection.beneficiary.lastName","Nom de famille","",1
"socialProtection","socialProtection.beneficiary.status","Statut","",1
"socialProtection","socialProtection.beneficiary.tasks.title","T\xe2ches du b\xe9n\xe9ficiaire","",1
"socialProtection","socialProtection.beneficiary.update.mutationLabel","Mise \xe0 jour du b\xe9n\xe9ficiaire {id}","",1
"socialProtection","socialProtection.benefitPackage.benefitPackageBenefitsTab.label","Avantages","",1
"socialProtection","socialProtection.benefitPackage.benefitPackageGrievancesTab.label","Griefs","",1
"socialProtection","socialProtection.benefitPackage.benefitPackageMembersTab.label","Les membres","",1
"socialProtection","socialProtection.benefitPackage.benefitPackagePaymentsTab.label","Payments","",1
"socialProtection","socialProtection.benefitPackage.BenefitPlanDetailPanel.title","D\xe9tails du r\xe9gime de prestations","",1
"socialProtection","socialProtection.benefitPackage.BenefitPlanDetailPanel.tooltip","R\xe9gime d'avantages sociaux des spectacles","",1
"socialProtection","socialProtection.benefitPackage.GroupDetailPanel.title","D\xe9tails du groupe","",1
"socialProtection","socialProtection.benefitPackage.GroupDetailPanel.tooltip","Groupe d'exposition","",1
"socialProtection","socialProtection.benefitPackage.GroupPanel.title","Groupe","",1
"socialProtection","socialProtection.benefitPackage.IndividualDetailPanel.title","D\xe9tails individuels","",1
"socialProtection","socialProtection.benefitPackage.IndividualDetailPanel.tooltip","Afficher l'individu","",1
"socialProtection","socialProtection.benefitPackage.members.tooltip.grievanceHistory","Historique des griefs","",1
"socialProtection","socialProtection.benefitPackage.members.tooltip.paymentHistory","Historique des paiements","",1
"socialProtection","socialProtection.benefitPackage.members.tooltip.viewDetails","Voir les d\xe9tails individuels","",1
"socialProtection","socialProtection.benefitPackage.overviewButtonTooltip","Paquet de prestations pour les spectacles","",1
"socialProtection","socialProtection.benefitPlan.beneficiaries.tabGroup.label","Beneficiaries","",1
"socialProtection","socialProtection.benefitPlan.benefitPlanBeneficiaries.alert.header","Erreur lors du t\xe9l\xe9chargement du fichier.","",1
"socialProtection","socialProtection.benefitPlan.benefitPlanBeneficiaries.alert.sameFileName","Le nom de fichier existe pour le r\xe9gime de prestations donn\xe9. Veuillez modifier le nom du fichier.","",1
"socialProtection","socialProtection.benefitPlan.benefitPlanBeneficiaries.upload.alert.header.invalid_format","Format de fichier non valide !","",1
"socialProtection","socialProtection.benefitPlan.benefitPlanBeneficiaries.upload.label","T\xe9l\xe9charger les b\xe9n\xe9ficiaires","",1
"socialProtection","socialProtection.benefitPlan.benefitPlanBeneficiaries.uploadHistoryTable.dateCreated","Date","",1
"socialProtection","socialProtection.benefitPlan.benefitPlanBeneficiaries.uploadHistoryTable.errorNone","Aucun","",1
"socialProtection","socialProtection.benefitPlan.benefitPlanBeneficiaries.uploadHistoryTable.sourceName","T\xe9l\xe9charger la source","",1
"socialProtection","socialProtection.benefitPlan.benefitPlanBeneficiaries.uploadHistoryTable.status","Statut","",1
"socialProtection","socialProtection.benefitPlan.benefitPlanBeneficiariesActive.label","Actif","",1
"socialProtection","socialProtection.benefitPlan.benefitPlanBeneficiariesGraduated.label","Dipl\xf4m\xe9","",1
"socialProtection","socialProtection.benefitPlan.benefitPlanBeneficiariesList.label","Liste","",1
"socialProtection","socialProtection.benefitPlan.benefitPlanBeneficiariesPotential.label","Potentiel","",1
"socialProtection","socialProtection.benefitPlan.benefitPlanBeneficiariesSuspended.label","Suspendu","",1
"socialProtection","socialProtection.benefitPlan.benefitPlanBeneficiariesWrapper.label","Beneficiaries","",1
"socialProtection","socialProtection.benefitPlan.BenefitPlanEligibilityCriteriaPanel.title","{beneficiaryStatus} Crit\xe8res d'affiliation des b\xe9n\xe9ficiaires","",1
"socialProtection","socialProtection.benefitPlan.BenefitPlanProjects.label","Projects","",1
"socialProtection","socialProtection.benefitPlan.benefitPlanSchema.label","Sch\xe9ma de r\xe9gime de prestations","",1
"socialProtection","socialProtection.benefitPlan.benefitPlanTabPanel.createPayroll","CR\xc9ER UN SYST\xc8ME DE PAIE (PAYROLL)","",1
"socialProtection","socialProtection.benefitPlan.benefitPlanTabPanel.createPayroll.tooltip","Cr\xe9ez d'abord un plan de paiement.","",1
"socialProtection","socialProtection.benefitPlan.code","Code","",1
"socialProtection","socialProtection.benefitPlan.create.mutationLabel","Cr\xe9er un r\xe9gime de prestations {id}","",1
"socialProtection","socialProtection.benefitPlan.dateUpdated","Date de mise \xe0 jour","",1
"socialProtection","socialProtection.benefitPlan.dateValidFrom","Date du","",1
"socialProtection","socialProtection.benefitPlan.dateValidTo","Date \xe0","",1
"socialProtection","socialProtection.benefitPlan.delete.confirm.message","\xcates-vous s\xfbr de vouloir supprimer le plan de pr\xe9voyance ?","",1
"socialProtection","socialProtection.benefitPlan.delete.confirm.title","Supprimer le r\xe9gime de prestations {code} {name}","",1
"socialProtection","socialProtection.benefitPlan.delete.mutationLabel","Supprimer le r\xe9gime de prestations {id}","",1
"socialProtection","socialProtection.benefitPlan.deleteButtonTooltip","Supprimer","",1
"socialProtection","socialProtection.benefitPlan.editButtonTooltip","Editer","",1
"socialProtection","socialProtection.benefitPlan.isDeleted","Afficher l'historique","",1
"socialProtection","socialProtection.benefitPlan.jsonExt","json_ext","",1
"socialProtection","socialProtection.benefitPlan.name","Nom","",1
"socialProtection","socialProtection.benefitPlan.saveButton.tooltip.disabled","Enregistrer les modifications","",1
"socialProtection","socialProtection.benefitPlan.saveButton.tooltip.enabled","Enregistrer les modifications","",1
"socialProtection","socialProtection.benefitPlan.searcherResultsTitle","{benefitPlansTotalCount} R\xe9gimes de prestations","",1
"socialProtection","socialProtection.benefitPlan.searcherResultsTitleHistory","{benefitPlansHistoryTotalCount} Dossiers historiques trouv\xe9s","",1
"socialProtection","socialProtection.benefitPlan.stopButtonTooltip","Suspendre","",1
"socialProtection","socialProtection.benefitPlan.suspend.confirm.title","Suspendre le r\xe9gime de prestations {code} {name}","",1
"socialProtection","socialProtection.benefitPlan.tasks.searcherResultsTitle","{benefitPlanTasksTotalCount} T\xe2ches","",1
"socialProtection","socialProtection.benefitPlan.tasks.update.title","T\xe2ches de mise \xe0 jour du r\xe9gime de prestations","",1
"socialProtection","socialProtection.benefitPlan.undo.confirm.title","Restore program {code} {name}?","",1
"socialProtection","socialProtection.benefitPlan.update.mutationLabel","Mise \xe0 jour du r\xe9gime de prestations {id}","",1
"socialProtection","socialProtection.benefitPlan.userUpdated","Utilisateur mis \xe0 jour","",1
"socialProtection","socialProtection.benefitPlanChangelog.label","Changelog","",1
"socialProtection","socialProtection.BenefitPlanPicker.label","Program","",1
"socialProtection","socialProtection.BenefitPlanPicker.placeholder","Veuillez s\xe9lectionner un r\xe9gime de prestations","",1
"socialProtection","socialProtection.benefitPlansList.label","R\xc9GIMES DE PRESTATIONS","",1
"socialProtection","socialProtection.benefitPlanTasks.label","T\xe2ches","",1
"socialProtection","socialProtection.benefitUploadRecord.benefitPlanCode","Code du r\xe9gime de prestations","",1
"socialProtection","socialProtection.benefitUploadRecord.sourceName","Nom de fichier","",1
"socialProtection","socialProtection.calculation.tasks.title","T\xe2ches de v\xe9rification des paiements","",1
"socialProtection","socialProtection.createButton.tooltip","Cr\xe9er","",1
"socialProtection","socialProtection.deleteButtonTooltip","Delete","",1
"socialProtection","socialProtection.dialogActions.goBack","Retourner","",1
"socialProtection","socialProtection.export.dateCreated","date_cr\xe9\xe9e","",1
"socialProtection","socialProtection.export.dob","dob","",1
"socialProtection","socialProtection.export.filename.beneficiaries","b\xe9n\xe9ficiaires_export","",1
"socialProtection","socialProtection.export.filename.groupBeneficiaries","groupe_beneficiaires_export","",1
"socialProtection","socialProtection.export.firstName","pr\xe9nom","",1
"socialProtection","socialProtection.export.group.id","Group_ID","",1
"socialProtection","socialProtection.export.label","T\xc9L\xc9CHARGER","",1
"socialProtection","socialProtection.export.lastName","nom de famille","",1
"socialProtection","socialProtection.group.code","Code","",1
"socialProtection","socialProtection.groupBeneficiaries.searcherResultsTitle","{groupBeneficiariesTotalCount} B\xe9n\xe9ficiaires du groupe","",1
"socialProtection","socialProtection.groupBeneficiary.code","Code","",1
"socialProtection","socialProtection.groupBeneficiary.status","Statut","",1
"socialProtection","socialProtection.groupBeneficiary.update.mutationLabel","Mise \xe0 jour du groupe b\xe9n\xe9ficiaire {id}","",1
"socialProtection","socialProtection.mainMenuSocialProtection","Protection sociale","",1
"socialProtection","socialProtection.menu.socialProtection.benefitPlans","R\xe9gimes d'avantages sociaux","",1
"socialProtection","socialProtection.project.name","Name","",1
"socialProtection","socialProtection.project.saveButton.tooltip","Save","",1
"socialProtection","socialProtection.project.status","Status","",1
"socialProtection","socialProtection.project.statusPicker","Status","",1
"socialProtection","socialProtection.project.statusPicker.COMPLETED","Completed","",1
"socialProtection","socialProtection.project.statusPicker.IN_PROGRESS","In Progress","",1
"socialProtection","socialProtection.project.statusPicker.PREPARATION","Preparation","",1
"socialProtection","socialProtection.projects.label","Projects","",1
"socialProtection","socialProtection.projects.searcherAddAction","Create Project","",1
"socialProtection","socialProtection.projects.searcherResultsTitle","{projectsTotalCount} Projects","",1
"socialProtection","socialProtection.stopButtonTooltip","Suspendre","",1
"socialProtection","socialProtection.taskConfirmation.title","Confirmation de t\xe9l\xe9chargement du b\xe9n\xe9ficiaire","",1
"socialProtection","socialProtection.undoButtonTooltip","Undo Delete","",1
"socialProtection","socialProtection.validation_import_valid_items.tasks.title","T\xe2che d'importation d'\xe9l\xe9ments valides","",1
"socialProtection","socialProtection.viewDetailsButton.tooltip","D\xe9tails","",1
"tasksManagement","tasksManagement.createButton.tooltip","Cr\xe9er","",1
"tasksManagement","tasksManagement.deleteButton.tooltip","Supprimer","",1
"tasksManagement","tasksManagement.menu.taskExecutionerGroups","Groupes d'ex\xe9cutants de t\xe2ches","",1
"tasksManagement","tasksManagement.saveButton.tooltip","Enregistrer les modifications","",1
"tasksManagement","tasksManagement.saveButton.tooltip.disabled","Handicap\xe9s","",1
"tasksManagement","tasksManagement.saveButton.tooltip.enabled","Enregistrer les modifications","",1
"tasksManagement","tasksManagement.task.businessStatus","Statut de l'entreprise","",1
"tasksManagement","tasksManagement.task.dateCreated","Date de cr\xe9ation","",1
"tasksManagement","tasksManagement.task.dateCreated.after","Date de cr\xe9ation","",1
"tasksManagement","tasksManagement.task.dateCreated.before","Date de cr\xe9ation","",1
"tasksManagement","tasksManagement.task.dateUpdated","Date de mise \xe0 jour","",1
"tasksManagement","tasksManagement.task.detailsPage.triage.title","T\xe2che","",1
"tasksManagement","tasksManagement.task.resolve.confirm.title","R\xe9soudre la t\xe2che","",1
"tasksManagement","tasksManagement.task.searcherResultsTitle","{tasksTotalCount} T\xe2ches trouv\xe9es","",1
"tasksManagement","tasksManagement.task.source.CreateDeduplicationReviewTasksService","Cr\xe9er un service de r\xe9vision de la d\xe9duplication","",1
"tasksManagement","tasksManagement.task.source.CreateGroupAndMoveIndividualService","Cr\xe9er un groupe et d\xe9placer un service individuel","",1
"tasksManagement","tasksManagement.task.source.payroll_delete","Supprimer la paie","",1
"tasksManagement","tasksManagement.task.status","Statut","",1
"tasksManagement","tasksManagement.task.status.ACCEPTED","ACCEPT\xc9","",1
"tasksManagement","tasksManagement.task.status.COMPLETED","COMPL\xc9T\xc9","",1
"tasksManagement","tasksManagement.task.status.FAILED","\xc9CHEC","",1
"tasksManagement","tasksManagement.task.status.RECEIVED","RE\xc7U","",1
"tasksManagement","tasksManagement.task.type.create","Cr\xe9er","",1
"tasksManagement","tasksManagement.task.type.payroll_delete","Supprimer la paie","",1
"tasksManagement","tasksManagement.task.type.update","Mise \xe0 jour","",1
"tasksManagement","tasksManagement.TaskExecutorsPicker.label","Ex\xe9cutants de t\xe2ches","",1
"tasksManagement","tasksManagement.TaskExecutorsPicker.placeholder","Recherche d'un ex\xe9cuteur de t\xe2ches...","",1
"tasksManagement","tasksManagement.taskGroup.code","Code","",1
"tasksManagement","tasksManagement.taskGroup.create.mutationLabel","Cr\xe9er un groupe de travail {id}","",1
"tasksManagement","tasksManagement.taskGroup.delete.confirm.message","\xcates-vous s\xfbr de vouloir supprimer le groupe de travail ?","",1
"tasksManagement","tasksManagement.taskGroup.delete.confirm.title","Supprimer le groupe de t\xe2ches {code}","",1
"tasksManagement","tasksManagement.taskGroup.delete.mutationLabel","Supprimer le groupe de t\xe2ches {id}","",1
"tasksManagement","tasksManagement.taskGroup.detailsPage.title","Groupe de travail {code}","",1
"tasksManagement","tasksManagement.taskGroup.placeholder","Non attribu\xe9","",1
"tasksManagement","tasksManagement.taskGroup.searcherResultsTitle","{taskGroupsTotalCount} Groupes de t\xe2ches trouv\xe9s","",1
"tasksManagement","tasksManagement.taskGroup.update.mutationLabel","Mettre \xe0 jour le groupe de travail {id}","",1
"tasksManagement","tasksManagement.taskHistory.searcherResultsTitle","{taskHistoryTotalCount} T\xe2ches historiques trouv\xe9es","",1
"tasksManagement","tasksManagement.tasks.changelog.close","Fermer","",1
"tasksManagement","tasksManagement.tasksMainMenu","Gestion des t\xe2ches","",1
"tasksManagement","tasksManagement.TaskSourcePicker.label","Sources des t\xe2ches","",1
"tasksManagement","tasksManagement.TaskSourcePicker.placeholder","Recherche de sources de t\xe2ches...","",1
"tasksManagement","tasksManagement.viewDetailsButton.tooltip","Voir les d\xe9tails","",1
"tools","tools.ExtractsPage.ClaimsUploadBlock.ResultDialog.okBtn","OK","",1
"tools","tools.ExtractsPage.ClaimsUploadBlock.ResultDialog.title","T\xe9l\xe9versement des prestations effectu\xe9","",1
"tools","tools.ExtractsPage.ClaimsUploadBlock.title","T\xe9l\xe9verser les prestations","",1
"tools","tools.ExtractsPage.DownloadMasterData.title","T\xe9l\xe9charger les donn\xe9es de base","",1
"tools","tools.ExtractsPage.EnrollmentsUploadBlock.ResultDialog.okBtn","OK","",1
"tools","tools.ExtractsPage.EnrollmentsUploadBlock.ResultDialog.title","T\xe9l\xe9chargement des adh\xe9sions effectu\xe9","",1
"tools","tools.ExtractsPage.EnrollmentsUploadBlock.title","T\xe9l\xe9verser les adh\xe9sions","",1
"tools","tools.ExtractsPage.FeedbacksUploadBlock.ResultDialog.okBtn","OK","",1
"tools","tools.ExtractsPage.FeedbacksUploadBlock.ResultDialog.success","Succ\xe8s","",1
"tools","tools.ExtractsPage.FeedbacksUploadBlock.ResultDialog.title","T\xe9l\xe9chargement des retours effectu\xe9s","",1
"tools","tools.ExtractsPage.FeedbacksUploadBlock.title","T\xe9l\xe9verser les retours","",1
"tools","tools.ExtractsPage.FeedbacksUploadBlock.uploadBtn","T\xe9l\xe9verser","",1
"tools","tools.ExtractsPage.OfficerDownloadBlock.downloadFeedbacksBtn","T\xe9l\xe9charger les retours","",1
"tools","tools.ExtractsPage.OfficerDownloadBlock.title","T\xe9l\xe9charger les donn\xe9es pour l'agent","",1
"tools","tools.ExtractsPage.RenewalsUploadBlock.ResultDialog.okBtn","OK","",1
"tools","tools.ExtractsPage.RenewalsUploadBlock.ResultDialog.title","T\xe9l\xe9versement des renouvellements effectu\xe9","",1
"tools","tools.ExtractsPage.RenewalsUploadBlock.title","T\xe9l\xe9verser les renouvellements","",1
"tools","tools.ExtractsPage.ResultDialog.okBtn","Ok","",1
"tools","tools.GenerateReportPicker.cancelBtn","Annuler","",1
"tools","tools.GenerateReportPicker.title","Configurer la g\xe9n\xe9ration de rapport","",1
"tools","tools.mainMenu","Outils","",1
"tools","tools.menu.emails","Param\xe8tres des e-mails","",1
"tools","tools.menu.extracts","Extraits","",1
"tools","tools.menu.feedbacks","Saisie des retours d'information","",1
"tools","tools.menu.funding","Financement","",1
"tools","tools.menu.registers","Registres","",1
"tools","tools.menu.renewals","Renouvellement des Polices","",1
"tools","tools.menu.reports","Rapports","",1
"tools","tools.menu.utilities","Sauvegardes","",1
"tools","tools.registers_diagnoses_perms","Tools | Diagnoses","",1
"tools","tools.RegistersPage.cancelBtn","Annuler","",1
"tools","tools.RegistersPage.diagnoses.downloadLabel","T\xe9l\xe9charger les diagnostics","",1
"tools","tools.RegistersPage.diagnoses.uploadLabel","T\xe9l\xe9verser les diagnostics","",1
"tools","tools.RegistersPage.diagnosesBlockTitle","Diagnostics","",1
"tools","tools.RegistersPage.UploadDialog.confirmDiagnoses","Voulez-vous vraiment t\xe9l\xe9verser une nouvelle liste de diagnostics ?","",1
"tools","tools.RegistersPage.UploadDialog.confirmHF","Voulez-vous vraiment t\xe9l\xe9verser une nouvelle liste de formations sanitaires ?","",1
"tools","tools.RegistersPage.UploadDialog.confirmInsurees","\xcates-vous s\xfbr de vouloir t\xe9l\xe9verser une nouvelle liste des assur\xe9s?","",1
"tools","tools.RegistersPage.UploadDialog.confirmItems","Voulez-vous vraiment t\xe9l\xe9verser une nouvelle liste de produits m\xe9dicaux ?","",1
"tools","tools.RegistersPage.UploadDialog.confirmLocations","Voulez-vous vraiment t\xe9l\xe9verser une nouvelle liste de  lieux ?","",1
"tools","tools.RegistersPage.UploadDialog.confirmServices","\xcates-vous s\xfbr de vouloir t\xe9l\xe9verser une nouvelle liste des actes?","",1
"tools","tools.RegistersPage.UploadDialog.created","Cr\xe9\xe9 :","",1
"tools","tools.RegistersPage.UploadDialog.deleted","Supprim\xe9 :","",1
"tools","tools.RegistersPage.UploadDialog.details","D\xe9tails:","",1
"tools","tools.RegistersPage.UploadDialog.errors","Erreurs :","",1
"tools","tools.RegistersPage.UploadDialog.failed","\xc9chou\xe9s :","",1
"tools","tools.RegistersPage.UploadDialog.failure","\xc9chec","",1
"tools","tools.RegistersPage.UploadDialog.invalid","Non valides :","",1
"tools","tools.RegistersPage.UploadDialog.message","Message:","",1
"tools","tools.RegistersPage.UploadDialog.okButton","Ok","",1
"tools","tools.RegistersPage.UploadDialog.sent","Envoy\xe9 :","",1
"tools","tools.RegistersPage.UploadDialog.skipped","Ignor\xe9s :","",1
"tools","tools.RegistersPage.UploadDialog.success","Succ\xe8s","",1
"tools","tools.RegistersPage.UploadDialog.title","T\xe9l\xe9verser le registre","",1
"tools","tools.RegistersPage.UploadDialog.updated","Mis \xe0 jour :","",1
"tools","tools.ReportDefinitionEditor.cancel","Annuler","",1
"tools","tools.ReportDefinitionEditor.resetToDefault","R\xe9tablir le r\xe9glage par d\xe9faut","",1
"tools","tools.ReportDefinitionEditor.title","Concepteur de rapports","",1
"tools","tools.ReportForm.title","Modification du rapport {name}","",1
"tools","tools.ReportForm.unknownReport","Rapport inconnu","",1
"tools","tools.ReportPicker.label","Rapport","",1
"tools","tools.ReportSearcher.editBtn","Modifier","",1
"tools","tools.ReportSearcher.moduleName","{module} Module","",1
"tools","tools.ReportSearcher.tableTitle","Rapports","",1
"tools","tools.strategyPicker.INSERT_UPDATE","Insertion et mise \xe0 jour","",1
"tools","tools.strategyPicker.INSERT_UPDATE_DELETE","Insertion, mise \xe0 jour et suppression","",1
"tools","tools.strategyPicker.UPDATE","Mise \xe0 jour","",1
"admin","admin.EnrolmentOfficerPicker.clearText","Clear","",2
"admin","admin.EnrolmentOfficerPicker.loadingText","Loading...","",2
"admin","admin.EnrolmentOfficerPicker.openText","Open","",2
"admin","admin.EnrolmentZonesPicker.table.municipality","Municipality","",2
"admin","admin.EnrolmentZonesPicker.table.newRow","Add a municipality","",2
"admin","admin.EnrolmentZonesPicker.table.villages","Villages","",2
"admin","admin.password.lowerCase","{count, plural, one {# lowercase letter} other {# lowercase letters}}","",2
"admin","admin.password.medium","Medium","",2
"admin","admin.password.minLength","at least {count} characters","",2
"admin","admin.password.numbers","{count, plural, one {# number} other {# numbers}}","",2
"admin","admin.password.requirements","Password must include: {requirements}.","",2
"admin","admin.password.specialCharacters","{count, plural, one {# special character} other {# special characters}}","",2
"admin","admin.password.strong","Password is strong.","",2
"admin","admin.password.upperCase","{count, plural, one {# uppercase letter} other {# uppercase letters}}","",2
"admin","admin.password.veryStrong","Password is very strong.","",2
"admin","admin.password.weak","Weak","",2
"admin","admin.showHistory","Show historical values","",2
"admin","admin.user.confirmNewPassword","Confirm Password","",2
"admin","admin.user.districts","Districts","",2
"admin","admin.user.dob","Birth date","",2
"admin","admin.user.dobFrom","Birth date from","",2
"admin","admin.user.dobTo","Birth date to","",2
"admin","admin.user.email","Email","",2
"admin","admin.user.emailAlreadyTaken","User email already in use","",2
"admin","admin.user.emailFormatInvalid","Invalid email format","",2
"admin","admin.user.generatePassword","Generate Password","",2
"admin","admin.user.givenNames","Given names","",2
"admin","admin.user.language","Interface Language","",2
"admin","admin.user.newPassword","New Password","",2
"admin","admin.user.openNewTab","Open in new tab","",2
"admin","admin.user.otherNames","admin.user.lastName","",2
"admin","admin.user.password","Password","",2
"admin","admin.user.phone","Phone","",2
"admin","admin.user.regions","Regions","",2
"admin","admin.user.usernameAlreadyTaken","Username already in use","",2
"admin","admin.user.UserOverview.newTitle","New User","",2
"admin","admin.user.userRoles","User role(s)","",2
"admin","admin.user.userSummaries","{count} user(s) found","",2
"admin","admin.user.userTypes","User type(s)","",2
"admin","admin.user.userTypes.CLAIM_ADMIN","Claim admin","",2
"admin","admin.user.userTypes.INTERACTIVE","Interactive","",2
"admin","admin.user.userTypes.null","Any","",2
"admin","admin.user.userTypes.OFFICER","Enrolment Officer","",2
"admin","admin.user.worksTo","Works to","",2
"admin","admin.UserFilter.showHistory","Show History","",2
"admin","admin.UserMasterPanel.language.null","Select a language","",2
"admin","admin.UserMasterPanel.loginDetailsTitle","Login Details","",2
"admin","admin.UserPicker.clearText","Clear","",2
"admin","admin.UserPicker.loadingText","Loading...","",2
"admin","admin.UserPicker.null","Any","",2
"admin","admin.UserPicker.openText","Open","",2
"calculation","calculation.gql_query_calculation_rule_perms","Calculation | Query Calculation Rule","",2
"calculation","calculation.validationFailed","Value validation failed","",2
"claim","claim.adjustment","Adjustment","",2
"claim","claim.approved","Approved","",2
"claim","claim.attachFile","A referral claim requires an attachment.","",2
"claim","claim.attachment.defineDocument","Upload a file or clean the attachment","",2
"claim","claim.attachment.definePredefinedType","You must define the the General Type first and then select the Predefined Type or clean the attachment","",2
"claim","claim.attachment.missingDocument","Missing Document","",2
"claim","claim.attachment.missingPredefinedType","Missing predefined Type","",2
"claim","claim.attachmentGeneralType","General Type","",2
"claim","claim.attachmentGeneralType.FILE","FILE","",2
"claim","claim.attachmentGeneralType.null","Both","",2
"claim","claim.attachmentGeneralType.URL","URL","",2
"claim","claim.attachmentType.Bill","Bill","",2
"claim","claim.attachmentType.Medical","Medical","",2
"claim","claim.attachmentType.null","Any","",2
"claim","claim.balance","Balance","",2
"claim","claim.BypassClaimReview.mutationLabel","Bypass claim {code} review","",2
"claim","claim.BypassClaimsReview.mutationLabel","Bypassed {count} claims review","",2
"claim","claim.calculateAge.util.days","Day(s)","",2
"claim","claim.calculateAge.util.months","Month(s)","",2
"claim","claim.calculateAge.util.weeks","Week(s)","",2
"claim","claim.calculateAge.util.years","Year(s)","",2
"claim","claim.careType","In/out-patient","",2
"claim","claim.careType.IPD","IPD","",2
"claim","claim.careType.null","Any","",2
"claim","claim.careType.OPD","OPD","",2
"claim","claim.ClaimAdminPicker.null","Any","",2
"claim","claim.claimAttachment.action"," ","",2
"claim","claim.claimAttachment.generalType","General Type","",2
"claim","claim.claimAttachment.predefinedType","Predefined Type","",2
"claim","claim.claimAttachment.type","Type","",2
"claim","claim.ClaimChildPanel.quantity.error","Quantity has to be greater than 0","",2
"claim","claim.ClaimChildPanel.review.approveAll","Approve all","",2
"claim","claim.ClaimChildPanel.review.rejectAll","Reject all","",2
"claim","claim.claimed","Claimed","",2
"claim","claim.ClaimFilter.claimAdmin","Claim Administrator","",2
"claim","claim.ClaimFilter.claimedAbove","Claimed More Than","",2
"claim","claim.ClaimFilter.claimedUnder","Claimed Less Than","",2
"claim","claim.ClaimFilter.district","District","",2
"claim","claim.ClaimFilter.healthFacility","Health Facility","",2
"claim","claim.ClaimFilter.insureeCHFID","Insuree No.","",2
"claim","claim.ClaimFilter.randomFilter.invalidAlert.message","Random filtering ({random}%) must be 1 or more, and maximum 100","",2
"claim","claim.ClaimFilter.randomFilter.zeroAlert.message","Random filtering {random}% of {totalCount} claims would provide an empty result!","",2
"claim","claim.ClaimFilter.region","Region","",2
"claim","claim.ClaimFilter.Reviews.random","Random Filter","",2
"claim","claim.ClaimFilter.Reviews.value","Claimed Amount Above","",2
"claim","claim.ClaimFilter.Reviews.variance","Claimed Amount Above Diagnosis Avg.","",2
"claim","claim.ClaimHistoryReport.district","District","",2
"claim","claim.ClaimHistoryReport.hf","Health Facility","",2
"claim","claim.ClaimHistoryReport.insuree","Insuree","",2
"claim","claim.ClaimHistoryReport.product","Product","",2
"claim","claim.ClaimHistoryReport.region","Region","",2
"claim","claim.ClaimMasterPanel.autogenerate","Autogenerated","",2
"claim","claim.ClaimMasterPanel.referHFLabel","Referal HF","",2
"claim","claim.ClaimMasterPanelExt.InsureeLastVisit.lastClaimAtFrom","Visit Date From","",2
"claim","claim.ClaimMasterPanelExt.InsureeLastVisit.lastClaimAtTo","Visit Date To","",2
"claim","claim.ClaimMasterPanelExt.restore","Restored from claim:","",2
"claim","claim.ClaimOfficerPicker.null","Any","",2
"claim","claim.ClaimPercentageReferralsReport.district","District","",2
"claim","claim.ClaimPercentageReferralsReport.region","Region","",2
"claim","claim.ClaimsOverviewReport.district","District","",2
"claim","claim.ClaimsOverviewReport.hf","Health Facility","",2
"claim","claim.ClaimsOverviewReport.product","Product","",2
"claim","claim.ClaimsOverviewReport.region","Region","",2
"claim","claim.ClaimsPrimaryOperationalIndicators.district","District","",2
"claim","claim.ClaimsPrimaryOperationalIndicators.hf","Health Facility","",2
"claim","claim.ClaimsPrimaryOperationalIndicators.month","Month","",2
"claim","claim.ClaimsPrimaryOperationalIndicators.product","Product","",2
"claim","claim.ClaimsPrimaryOperationalIndicators.quarter","Quarter","",2
"claim","claim.ClaimsPrimaryOperationalIndicators.quarter.1","Q1","",2
"claim","claim.ClaimsPrimaryOperationalIndicators.quarter.2","Q2","",2
"claim","claim.ClaimsPrimaryOperationalIndicators.quarter.3","Q3","",2
"claim","claim.ClaimsPrimaryOperationalIndicators.quarter.4","Q4","",2
"claim","claim.ClaimsPrimaryOperationalIndicators.quarter.null","Any","",2
"claim","claim.ClaimsPrimaryOperationalIndicators.region","Region","",2
"claim","claim.ClaimsPrimaryOperationalIndicators.year","Year","",2
"claim","claim.claimSummaries","{count} Claims Found","",2
"claim","claim.claimSummaries.approved","Approved","",2
"claim","claim.claimSummaries.claimAttachments"," ","",2
"claim","claim.claimSummaries.claimed","Claimed","",2
"claim","claim.claimSummaries.healthFacility","Health Facility","",2
"claim","claim.claimSummaries.insuree","Insuree","",2
"claim","claim.claimSummaries.markBypassedReview","Bypass Review","",2
"claim","claim.claimSummaries.markDeliveredReview","Review Delivered","",2
"claim","claim.claimSummaries.markSelectedForReview","Select For Review","",2
"claim","claim.claimSummaries.markSkippedReview","Skip Review","",2
"claim","claim.claimSummaries.openNewTab"," ","",2
"claim","claim.claimSummaries.pre-authorization","Pre-auth.","",2
"claim","claim.claimSummaries.processSelected","Process Selected","",2
"claim","claim.claimSummaries.selection.approved","Σ {approved}","",2
"claim","claim.claimSummaries.selection.claimed","Σ {claimed}","",2
"claim","claim.claimSummaries.selection.count","Selected {count} claim(s)","",2
"claim","claim.codeTaken","Claim code already exists","",2
"claim","claim.DeliverClaimReview.mutationLabel","Deliver claim {code} review","",2
"claim","claim.DeliverClaimReviews.mutationLabel","Delivered {count} claims review","",2
"claim","claim.explanation","Explanation","",2
"claim","claim.gql_mutation_bypass_claim_review_perms","Claim | Mutation Bypass Claim Review","",2
"claim","claim.gql_mutation_deliver_claim_review_perms","Claim | Mutation Deliver Claim Review","",2
"claim","claim.gql_mutation_load_claims_perms","Claim | Mutation Load Claims","",2
"claim","claim.gql_mutation_process_claims_perms","Claim | Mutation Process Claims","",2
"claim","claim.gql_mutation_restore_claims_perms","Claim | Mutation Restore Claims","",2
"claim","claim.gql_mutation_select_claim_review_perms","Claim | Mutation Select Claim Review","",2
"claim","claim.gql_mutation_skip_claim_review_perms","Claim | Mutation Skip Claim Review","",2
"claim","claim.gql_query_claims_perms","Claim | Query Claims","",2
"claim","claim.guaranteeId","Guarantee No.","",2
"claim","claim.itemsPricelist.missing","No items prices list registered for health facility","",2
"claim","claim.justification","justification","",2
"claim","claim.justification.1","Included in opd","",2
"claim","claim.justification.128","Major surgery","",2
"claim","claim.justification.16","Sergical package","",2
"claim","claim.justification.2","Er","",2
"claim","claim.justification.32","Adjusted for the minor","",2
"claim","claim.justification.4","Perday","",2
"claim","claim.justification.64","Intermediate","",2
"claim","claim.justification.8","Icu","",2
"claim","claim.justification.null","Any","",2
"claim","claim.medicalItem","Medical Item","",2
"claim","claim.medicalService","Medical Service","",2
"claim","claim.missingAttachment","Missing Attachment","",2
"claim","claim.patientCondition","Patient's condition at discharge","",2
"claim","claim.patientCondition.D","Deceased","",2
"claim","claim.patientCondition.E","Escaped","",2
"claim","claim.patientCondition.H","Healed","",2
"claim","claim.patientCondition.null","Select condition","",2
"claim","claim.patientCondition.R","Referral","",2
"claim","claim.preAuthorization","Pre-Authorization Required","",2
"claim","claim.preAuthorization.false","No","",2
"claim","claim.preAuthorization.null","Any","",2
"claim","claim.preAuthorization.true","Yes","",2
"claim","claim.ProcessClaim.mutationLabel","Process claim {code}","",2
"claim","claim.ProcessClaims.mutationLabel","Process {count} claims","",2
"claim","claim.rejectionReason","Rejection Reason","",2
"claim","claim.rejectionReason.-1","Rejected by a medical officer","",2
"claim","claim.rejectionReason.0","Accepted","",2
"claim","claim.rejectionReason.1","Item/Service not in the registers of medical items/services","",2
"claim","claim.rejectionReason.10","Item/Service doesn’t comply with type of care constraint","",2
"claim","claim.rejectionReason.11","Maximum number of in-patient admissions exceeded","",2
"claim","claim.rejectionReason.12","Maximum number of out-patient visits exceeded","",2
"claim","claim.rejectionReason.13","Maximum number of consultations exceeded","",2
"claim","claim.rejectionReason.14","Maximum number of surgeries exceeded","",2
"claim","claim.rejectionReason.15","Maximum number of deliveries exceeded","",2
"claim","claim.rejectionReason.16","Maximum number of provisions of item/service exceeded","",2
"claim","claim.rejectionReason.17","Item/service cannot be covered within waiting period","",2
"claim","claim.rejectionReason.18","N/A","",2
"claim","claim.rejectionReason.19","Maximum number of antenatal contacts exceeded","",2
"claim","claim.rejectionReason.2","Item/Service not in the pricelists associated with the health facility","",2
"claim","claim.rejectionReason.3","Item/Service is not covered by an active policy of the patient","",2
"claim","claim.rejectionReason.4","Item/Service doesn’t comply with limitations on patients (men/women, adults/children)","",2
"claim","claim.rejectionReason.5","Item/Service doesn’t comply with frequency constraint","",2
"claim","claim.rejectionReason.6","Item/Service duplicated","",2
"claim","claim.rejectionReason.7","Not valid insurance number","",2
"claim","claim.rejectionReason.8","Diagnosis code not in the current list of diagnoses","",2
"claim","claim.rejectionReason.9","Target date of provision of health care invalid","",2
"claim","claim.rejectionReason.null"," ","",2
"claim","claim.SelectClaimForReview.mutationLabel","Select claim {code} for review","",2
"claim","claim.SelectClaimsForReview.mutationLabel","Selected {count} claims for review","",2
"claim","claim.servicesPricelist.missing","No services prices list registered for health facility","",2
"claim","claim.showRestored","Show Restored","",2
"claim","claim.SkipClaimReview.mutationLabel","Skip claim {code} review","",2
"claim","claim.SkipClaimsReview.mutationLabel","Skipped {count} claims review","",2
"claim","claim.sn","SN","",2
"claim","claim.url.validation.error","URL Validation Error","",2
"claim","claim.url.validation.generalError","Something when wrong when validating URL...","",2
"claim","claim.url.validation.invalidURL","Invalid URL format.","",2
"claim","claim.valuated","Adjusted","",2
"claim_batch","claim_batch.account_preview_perms","Claim Batch | Account Preview","",2
"claim_batch","claim_batch.accountType","Type","",2
"claim_batch","claim_batch.accountType.1","Yearly","",2
"claim_batch","claim_batch.accountType.12","Monthly","",2
"claim_batch","claim_batch.accountType.4","Quarterly","",2
"claim_batch","claim_batch.accountType.null","Any","",2
"claim_batch","claim_batch.BatchRun","Batch Run ({location})","",2
"claim_batch","claim_batch.BatchRun.errorDetail","No data in selected batch run","",2
"claim_batch","claim_batch.BatchRunPicker.null","Any","",2
"claim_batch","claim_batch.batchRunSummaries.careType","Care Type","",2
"claim_batch","claim_batch.batchRunSummaries.index","Index","",2
"claim_batch","claim_batch.batchRunSummaries.month","Month","",2
"claim_batch","claim_batch.batchRunSummaries.product","Product","",2
"claim_batch","claim_batch.batchRunSummaries.year","Year","",2
"claim_batch","claim_batch.BatchRunWithLocationPicker","Batch Run","",2
"claim_batch","claim_batch.BatchRunWithLocationPicker.emptyLabel"," ","",2
"claim_batch","claim_batch.BatchRunWithLocationPicker.null","Any","",2
"claim_batch","claim_batch.gql_mutation_process_batch_perms","Claim Batch | Mutation Process Batch","",2
"claim_batch","claim_batch.gql_query_batch_runs_perms","Claim Batch | Query Batch Runs","",2
"claim_batch","claim_batch.groupBy","Group By","",2
"claim_batch","claim_batch.groupBy.H","Health Facility","",2
"claim_batch","claim_batch.groupBy.P","Product","",2
"claim_batch","claim_batch.previewer.showClaims","Show claims","",2
"claim_batch","claim_batch.processBatch.confirm.message","Are you sure you want to process batches for {location}, {month} {year}?","",2
"claim_batch","claim_batch.processBatch.mutationLabel","Batch Process - {location}, {month} {year}","",2
"claim_batch","claim_batch.regions.country","National","",2
"claim_batch","claim_batch.reports_capitation_payment_perms","Claim Batch | Capitation Payment","",2
"contract","contract.amendContract.confirm.message","Are you sure you want to amend Contract {label}?","",2
"contract","contract.amendContract.mutationLabel","Amendment n\xb0{amendment} of {contract}","",2
"contract","contract.amendment","Amendment","",2
"contract","contract.amount","Amount","",2
"contract","contract.amountDue","Amount Due","",2
"contract","contract.amountFrom","Amount from","",2
"contract","contract.amountRectified","Amount Rectified","",2
"contract","contract.amountTo","Amount to","",2
"contract","contract.any","Any","",2
"contract","contract.approveAll","Approve all negotiable contracts","",2
"contract","contract.approveContract.confirm.message","Are you sure you want to approve Contract {label}?","",2
"contract","contract.approveContract.mutationLabel","Approve Contract {label}","",2
"contract","contract.approveContractAll.confirm.message","Are you sure you want to approve all negotiable Contracts?","",2
"contract","contract.approveContractAll.mutationLabel","Approve all Contracts","",2
"contract","contract.approveContractBulk.confirm.message.unapprovableEmpty","Are you sure you want to approve {contracts} Contract(s)?","",2
"contract","contract.approveContractBulk.mutationLabel","Approve {count} Contract(s)","",2
"contract","contract.approveSelected","Approve selected","",2
"contract","contract.benefitPlan","Insurance Product","",2
"contract","contract.calculation","Calculation Parameter","",2
"contract","contract.codeTaken","Contract code already exists","",2
"contract","contract.contract","Contract","",2
"contract","contract.contractDetails.tabDisabledError","To start creating new Contract Details, you need to fill in General Information fields and click Save.","",2
"contract","contract.contracts.selection.count","{count} Contract(s) Selected","",2
"contract","contract.ContractStatePicker.counter","Counter","",2
"contract","contract.ContractStatePicker.disputed","Disputed","",2
"contract","contract.ContractStatePicker.draft","Draft","",2
"contract","contract.ContractStatePicker.effective","Effective","",2
"contract","contract.ContractStatePicker.executable","Executable","",2
"contract","contract.ContractStatePicker.executed","Executed","",2
"contract","contract.ContractStatePicker.negotiable","Negotiable","",2
"contract","contract.ContractStatePicker.offer","Offer","",2
"contract","contract.ContractStatePicker.requestForInformation","Request for information","",2
"contract","contract.ContractStatePicker.terminated","Terminated","",2
"contract","contract.contributionPlan","Contribution Plan","",2
"contract","contract.contributionPlanBundle","Contribution Plan Bundle","",2
"contract","contract.counterAll","Counter all negotiable contracts","",2
"contract","contract.counterContract.confirm.message","Are you sure you want to counter Contract {label}?","",2
"contract","contract.counterContract.mutationLabel","Counter Contract {label}","",2
"contract","contract.counterContractAll.confirm.message","Are you sure you want to counter all negotiable Contracts?","",2
"contract","contract.counterContractAll.mutationLabel","Counter all Contracts","",2
"contract","contract.counterContractBulk.confirm.message.unapprovableEmpty","Are you sure you want to counter {contracts} Contract(s)?","",2
"contract","contract.counterContractBulk.mutationLabel","Counter {count} Contract(s)","",2
"contract","contract.counterSelected","Counter selected","",2
"contract","contract.emptyLabel"," ","",2
"contract","contract.gql_mutation_amend_contract_perms","Contract | Mutation Amend Contract","",2
"contract","contract.gql_mutation_amend_contract_policyholder_portal_perms","Contract | Mutation Amend Contract Policyholder Portal","",2
"contract","contract.gql_mutation_approve_ask_for_change_contract_perms","Contract | Mutation Approve Ask For Change Contract","",2
"contract","contract.gql_mutation_approve_payments_perms","Contract | Mutation Approve Payments","",2
"contract","contract.gql_mutation_renew_contract_perms","Contract | Mutation Renew Contract","",2
"contract","contract.gql_query_contract_perms","Contract | Query Contract","",2
"contract","contract.gql_query_contract_policyholder_portal_perms","Contract | Query Contract Policyholder Portal","",2
"contract","contract.gql_query_payment_perms","Contract | Query Payment","",2
"contract","contract.insuree","Insuree","",2
"contract","contract.insureeChfId","Insuree No.","",2
"contract","contract.mandatoryFieldsEmptyError","* These fields are required","",2
"contract","contract.paymentReference","Payment Reference","",2
"contract","contract.state","State","",2
"contribution","contribution.alreadyUsed","Receipt already in use for product {productCode}","",2
"contribution","contribution.amount","Amount","",2
"contribution","contribution.amount_Gte","Amount above","",2
"contribution","contribution.amount_Lte","Amount under","",2
"contribution","contribution.category","Contribution Category","",2
"contribution","contribution.category.contribution","Contribution","",2
"contribution","contribution.category.null","Any","",2
"contribution","contribution.category.photoFee","Photo Fee","",2
"contribution","contribution.ContributionsDistributionReport.month","Month","",2
"contribution","contribution.ContributionsDistributionReport.product","Product","",2
"contribution","contribution.ContributionsDistributionReport.year","Year","",2
"contribution","contribution.contributionSummaries","{count} contributions Found","",2
"contribution","contribution.familySummaries.dob","Head Birth Date","",2
"contribution","contribution.familySummaries.otherNames","Head Given Name","",2
"contribution","contribution.gql_query_premiums_perms","Contribution | Query Premiums","",2
"contribution","contribution.openNewTab","Open in new tab","",2
"contribution","contribution.openNewTabHead"," ","",2
"contribution","contribution.payer","Payer","",2
"contribution","contribution.PaymentCategoryOverviewReport.district","District","",2
"contribution","contribution.PaymentCategoryOverviewReport.product","Product","",2
"contribution","contribution.PaymentCategoryOverviewReport.region","Region","",2
"contribution","contribution.payType","Payment Type","",2
"contribution","contribution.payType.B","Bank Transfer","",2
"contribution","contribution.payType.C","Cash","",2
"contribution","contribution.payType.M","Mobile Phone","",2
"contribution","contribution.payType.null","Any","",2
"contribution","contribution.PoliciesPremiums","{count} Contributions","",2
"contribution","contribution.PoliciesPremiumsOfPolicy","{count} Contributions of Policy {policy}","",2
"contribution","contribution.policy","Policy n\xb0","",2
"contribution","contribution.policy.value","Policy value","",2
"contribution","contribution.PremiumCollectionReport.district","District","",2
"contribution","contribution.PremiumCollectionReport.paymentType","Payment Type","",2
"contribution","contribution.PremiumCollectionReport.paymentType.B","Bank transfer","",2
"contribution","contribution.PremiumCollectionReport.paymentType.C","Cash","",2
"contribution","contribution.PremiumCollectionReport.paymentType.M","Mobile phone","",2
"contribution","contribution.PremiumCollectionReport.paymentType.null","Any","",2
"contribution","contribution.PremiumCollectionReport.product","Product","",2
"contribution","contribution.PremiumCollectionReport.region","Region","",2
"contribution","contribution.receipt","Receipt No.","",2
"contribution","contribution.showHistory","Show historical values","",2
"contribution","contribution.warning.paid.description","The policy is already paid.","",2
"contribution","contribution.warning.paid.exceedsPolicyValue","Sum of contributions exceeds policy value. Saving not allowed.","",2
"contributionPlan","contributionPlan.any","Any","",2
"contributionPlan","contributionPlan.benefitPlan","Insurance Product","",2
"contributionPlan","contributionPlan.bundleCodeTaken","Contribution plan bundle code already exists","",2
"contributionPlan","contributionPlan.calculation","Calculation Rule","",2
"contributionPlan","contributionPlan.calculationParams","Additional parameters","",2
"contributionPlan","contributionPlan.calculationParamsBFType","Parameters","",2
"contributionPlan","contributionPlan.codeTaken","Contribution plan code already exists","",2
"contributionPlan","contributionPlan.contributionPlanBundle.contributionPlansAttachedPanel.dialog.replace","Add","",2
"contributionPlan","contributionPlan.contributionPlanBundle.contributionPlansAttachedPanel.error","To start creating new Contribution Plan, you need to fill in General Information fields and click Save.","",2
"contributionPlan","contributionPlan.contributionPlanBundle.contributionPlansAttachedPanel.replaceContributionPlan","Add New Version of Contribution Plan","",2
"contributionPlan","contributionPlan.emptyLabel"," ","",2
"contributionPlan","contributionPlan.mandatoryFieldsEmptyError","* These fields are required","",2
"contributionPlan","contributionPlan.periodicity","Periodicity (no of months)","",2
"contributionPlan","contributionPlan.ReplaceContributionPlanBundle.mutationLabel","Replace Contribution Plan Bundle - {label}","",2
"contributionPlan","contributionPlan.ReplaceContributionPlanBundleDetails.mutationLabel","Replace {contributionPlan} of {contributionPlanBundle}","",2
"contributionPlan","contributionPlan.showHistory","Show History","",2
"core","core.advancedFilters","Advanced Filters","",2
"core","core.advancedFilters.able_bodied","Able bodied","",2
"core","core.advancedFilters.beneficiary_data_source"," Beneficiary data source","",2
"core","core.advancedFilters.chronic_illness","Chronic illness","",2
"core","core.advancedFilters.educated_level","Educated level","",2
"core","core.advancedFilters.email","Email","",2
"core","core.advancedFilters.exact","Exact","",2
"core","core.advancedFilters.field","Field","",2
"core","core.advancedFilters.filter","Filter","",2
"core","core.advancedFilters.gt","Greater than","",2
"core","core.advancedFilters.gte","Greater than or equal to","",2
"core","core.advancedFilters.icontains","Contains","",2
"core","core.advancedFilters.iexact","Exact","",2
"core","core.advancedFilters.istartswith","Starts with","",2
"core","core.advancedFilters.lt","Less than","",2
"core","core.advancedFilters.lte","Less than or equal to","",2
"core","core.advancedFilters.national_id","National ID","",2
"core","core.advancedFilters.national_id_type","National ID type","",2
"core","core.advancedFilters.number_of_children","Number of children","",2
"core","core.advancedFilters.number_of_elderly","Number of elderly","",2
"core","core.advancedFilters.value","Value","",2
"core","core.Autocomplete.clearText","Clear","",2
"core","core.Autocomplete.loadingText","Loading...","",2
"core","core.Autocomplete.openText","Open","",2
"core","core.calendarSwitcher","BS/AD","",2
"core","core.FatalError.GenericError.description","Error","",2
"core","core.FatalError.RateLimitExceeded.description","You have exceeded the number of allowed requests. Please try again later.","",2
"core","core.ForbiddenPage.description","Sorry, you are not authorized to access this page.","",2
"core","core.ForgotPasswordPage.contactAdministrator","If you do not receive an e-mail, please check with your administrator.","",2
"core","core.ForgotPasswordPage.done","Done ! Check your inbox and click on the verification link to reset your password.","",2
"core","core.ForgotPasswordPage.explanationMessage","Enter your username to be able to recover your account. En e-mail with the instructions will be sent to your e-mail address.","",2
"core","core.ForgotPasswordPage.pageTitle","Forgot Password ?","",2
"core","core.ForgotPasswordPage.recoverTitle","Recover your account","",2
"core","core.gql_mutation_duplicate_roles_perms","Core | Mutation Duplicate Roles","",2
"core","core.gql_mutation_replace_roles_perms","Core | Mutation Replace Roles","",2
"core","core.gql_query_claim_administrator_perms","Core | Query Claim Administrator","",2
"core","core.gql_query_enable_viewing_masked_data_perms","Core | Query Enable Viewing Masked Data","",2
"core","core.gql_query_enrolment_officers_perms","Core | Query Enrolment Officers","",2
"core","core.gql_query_roles_perms","Core | Query Roles","",2
"core","core.gql_query_users_perms","Core | Query Users","",2
"core","core.InternalServerErrorPage.description","The server encountered an internal error or misconfiguration and was unable to complete your request.","",2
"core","core.Language.null","S\xe9l.","",2
"core","core.LanguageQuickPicker.dialog.confirm","Confirm","",2
"core","core.LanguageQuickPicker.dialog.message","You are about to change the language to {language}. Do you want to proceed?","",2
"core","core.LoginPage.authError","ຊື່ຜູ້ໃຊ້ ຫຼື ລະຫັດຜ່ານບໍ່ຖືກຕ້ອງ / The username or password you entered is incorrect.","",2
"core","core.LoginPage.authErrorGeneral","ເກີດຄວາມຜິດພາດທີ່ບໍ່ຮູ້ສາເຫດ / Unknown error.","",2
"core","core.LoginPage.authErrorHealthFacilityContractInvalid","Your contract has expired.","",2
"core","core.LoginPage.forgotPassword","ລືມລະຫັດຜ່ານ? / Forgot password?","",2
"core","core.LoginPage.howToUse","ຄູ່ມືການໃຊ້ງານ / User guide","",2
"core","core.LoginPage.loginBtn","ເຂົ້າສູ່ລະບົບ / Log in","",2
"core","core.LoginPage.loginCaption","Authentication by","",2
"core","core.LoginPage.pageTitle","ເຂົ້າສູ່ລະບົບ / Log in","",2
"core","core.roleManagement.altLanguage","Alternative Language","",2
"core","core.roleManagement.DuplicateRole.mutationLabel","Duplicate Role {label}","",2
"core","core.roleManagement.emptyLabel"," ","",2
"core","core.roleManagement.false","False","",2
"core","core.roleManagement.isBlocked","Blocked","",2
"core","core.roleManagement.isSystem","System","",2
"core","core.roleManagement.null","Any","",2
"core","core.roleManagement.role.availableRights","Available permissions","",2
"core","core.roleManagement.role.chosenRights","Chosen permissions","",2
"core","core.roleManagement.role.removeAllPerms","Remove all filtered permissions","",2
"core","core.roleManagement.role.rightsFilter","Filter","",2
"core","core.roleManagement.showHistory","Show Historical","",2
"core","core.roleManagement.true","True","",2
"core","core.SetPasswordPage.clearPassword","Clear Password","",2
"core","core.SetPasswordPage.error","Unknown error","",2
"core","core.SetPasswordPage.generatePassword","Generate Password","",2
"core","core.SetPasswordPage.hidePassword","Show Passowrd","",2
"core","core.SetPasswordPage.pageTitle","Set a new Password","",2
"core","core.SetPasswordPage.showPassword","Show Passowrd","",2
"core","core.table.resultsLoading","Loading...","",2
"core","core.UserActivityReport.action","Action","",2
"core","core.UserActivityReport.action.D","Delete","",2
"core","core.UserActivityReport.action.I","Insert","",2
"core","core.UserActivityReport.action.null","All actions","",2
"core","core.UserActivityReport.action.U","Update","",2
"core","core.UserActivityReport.entity","Entity","",2
"core","core.UserActivityReport.entity.BatchRun","Batch Run","",2
"core","core.UserActivityReport.entity.Claim","Claim","",2
"core","core.UserActivityReport.entity.ClaimAdmin","Claim Admin","",2
"core","core.UserActivityReport.entity.Extract","Extract","",2
"core","core.UserActivityReport.entity.Family","Family","",2
"core","core.UserActivityReport.entity.HealthFacility","Health Facility","",2
"core","core.UserActivityReport.entity.Insuree","Insuree","",2
"core","core.UserActivityReport.entity.InsureePhoto","Insuree Photo","",2
"core","core.UserActivityReport.entity.InteractiveUser","User","",2
"core","core.UserActivityReport.entity.Item","Item","",2
"core","core.UserActivityReport.entity.ItemsPricelist","Items Pricelist","",2
"core","core.UserActivityReport.entity.ItemsPricelistDetail","Items Pricelist Detail","",2
"core","core.UserActivityReport.entity.Location","Location","",2
"core","core.UserActivityReport.entity.null","All entities","",2
"core","core.UserActivityReport.entity.Officer","Officer","",2
"core","core.UserActivityReport.entity.Payer","Payer","",2
"core","core.UserActivityReport.entity.Policy","Policy","",2
"core","core.UserActivityReport.entity.Premium","Premium","",2
"core","core.UserActivityReport.entity.Product","Product","",2
"core","core.UserActivityReport.entity.ProductItem","Product Item","",2
"core","core.UserActivityReport.entity.ProductService","Product Service","",2
"core","core.UserActivityReport.entity.RelativeDistribution","Relative Distribution","",2
"core","core.UserActivityReport.entity.Service","Service","",2
"core","core.UserActivityReport.entity.ServicesPricelist","Services Pricelist","",2
"core","core.UserActivityReport.entity.ServicesPricelistDetail","Services Pricelist Detail","",2
"core","core.UserActivityReport.entity.UserDistrict","User District","",2
"core","core.UserActivityReport.user","User","",2
"core","core.UserActivityReport.user.null","All users","",2
"deduplication","deduplication.BeneficiaryDuplicatesTable.oldest","Oldest","",2
"deduplication","deduplication.BeneficiaryDuplicatesTable.output","OUTPUT:","",2
"deduplication","deduplication.deduplicate","Deduplicate","",2
"deduplication","deduplication.deduplicate.fields","Duplicate Detection Field Selection","",2
"deduplication","deduplication.deduplicationSummaryTable.duplicates","Duplicates","",2
"deduplication","deduplication.deduplicationSummaryTable.group","Group","",2
"grievanceSocialProtection","grievanceSocialProtection.dialogs.GrievanceConfigurationDialog.dialogBody","Acc\xe9dez au panneau d'administration de Django et configurez les valeurs manquantes\xa0: {configString}","",2
"individual","individual.any","ANY","",2
"individual","individual.dob","Day of birth","",2
"individual","individual.enrollment.clearAllFilters","Clear All Filters","",2
"individual","individual.enrollment.confirmEnrollment","Confirm Enrollment Process","",2
"individual","individual.enrollment.confirmGroupMessageDialog","Are you sure you want to confirm the enrollment of the selected groups into the {benefitPlanName} Program?","",2
"individual","individual.enrollment.confirmMessageDialog","Are you sure you want to confirm the enrollment of the selected individuals into the {benefitPlanName} Program?","",2
"individual","individual.enrollment.confirmTitle","Confirm Enrollment Process","",2
"individual","individual.enrollment.criteria","Enrollment Criteria","",2
"individual","individual.enrollment.mutationLabel","Enrollment has been confirmed","",2
"individual","individual.enrollment.numberOfGroupsAssignedToProgramme","Number Of Groups Assigned to Program","",2
"individual","individual.enrollment.numberOfGroupsAssignedToSelectedProgramme","Number of Groups Assigned to Selected Program","",2
"individual","individual.enrollment.numberOfGroupsToUpload","Number of Groups to Upload","",2
"individual","individual.enrollment.numberOfIndividualsAssignedToProgramme","Number of Individuals Already Assigned To Any Program","",2
"individual","individual.enrollment.numberOfIndividualsAssignedToSelectedProgramme","Number Of Individuals Already Assigned to Selected Program","",2
"individual","individual.enrollment.numberOfIndividualsToBeUploaded","Number Of Individuals to be Uploaded","",2
"individual","individual.enrollment.numberOfSelectedGroups","Number Of Selected Groups","",2
"individual","individual.enrollment.numberOfSelectedIndividuals","Total Number Of Selected Individuals","",2
"individual","individual.enrollment.previewEnrollment","Preview Enrollment Process","",2
"individual","individual.enrollment.previewGroups","Preview Groups","",2
"individual","individual.enrollment.previewIndividuals","Preview Individuals","",2
"individual","individual.enrollment.summary","Preview Summary of Enrollment","",2
"individual","individual.enrollment.titleGroup","Enrollment of Groups to the Program","",2
"individual","individual.enrollment.totalNumberOfGroups","Total Number of Groups","",2
"individual","individual.enrollment.totalNumberOfIndividuals","Total Number of Individuals","",2
"individual","individual.groupChange.confirm.message","Individual {individualId} moved to Group {groupId}","",2
"individual","individual.headPanelTitle","General Information","",2
"individual","individual.location","Location","",2
"individual","individual.mandatoryFieldsEmptyError","* These fields are required","",2
"individual","individual.pageTitle","Individual {firstName} {lastName}","",2
"individual","individual.undo.confirm.message","Undoing deletion of individual.","",2
"individual","individual.undo.mutationLabel","Undo delete Individual {id}","",2
"individual","individual.upload.alert.message.invalid_format","Please upload a valid CSV or Excel file!","",2
"individual","individual.upload.template","Template","",2
"individual","individual.upload.uploadHistoryTable.downloadInvalidItems","Download Invalid Items","",2
"individual","individual.upload.uploadHistoryTable.downloadUploadFile","Download Upload File","",2
"individual","individual.upload.uploadHistoryTable.error","Workflow Errors","",2
"individual","individual.upload.uploadHistoryTable.sourceType","Source Type","",2
"individual","individual.upload.uploadHistoryTable.workflow","Workflow","",2
"individual","individual.upload.workflowPicker","Workflow","",2
"insuree","insuree.ageUnit","Years","",2
"insuree","insuree.appBar.enquiry","Insuree enquiry…","",2
"insuree","insuree.balance","Balance","",2
"insuree","insuree.changeInsureeFamilyDialog.message","Are you sure you want to move insuree {insuree} into family {family}?","",2
"insuree","insuree.ConfirmationType.A","Local council","",2
"insuree","insuree.ConfirmationType.B","Municipality","",2
"insuree","insuree.ConfirmationType.C","State","",2
"insuree","insuree.ConfirmationType.D","Other","",2
"insuree","insuree.ConfirmationType.null","Any","",2
"insuree","insuree.Education.1","Nursery","",2
"insuree","insuree.Education.2","Primary School","",2
"insuree","insuree.Education.3","Secondary School","",2
"insuree","insuree.Education.4","University","",2
"insuree","insuree.Education.5","Postgraduate Studies","",2
"insuree","insuree.Education.6","PHD","",2
"insuree","insuree.Education.7","Other","",2
"insuree","insuree.Education.null","Any","",2
"insuree","insuree.Family.ConfirmationType.null","None","",2
"insuree","insuree.Family.contributions","Contributions","",2
"insuree","insuree.Family.FamilyType.null","None","",2
"insuree","insuree.Family.headInsuree.chfId","Head Ins. No.","",2
"insuree","insuree.Family.headInsuree.dob","Head Birth Date","",2
"insuree","insuree.Family.headInsuree.dobFrom","Head Birth From","",2
"insuree","insuree.Family.headInsuree.dobTo","Head Birth To","",2
"insuree","insuree.Family.headInsuree.email","Head Email","",2
"insuree","insuree.Family.headInsuree.gender","Head Gender","",2
"insuree","insuree.Family.headInsuree.otherNames","Head Given Name","",2
"insuree","insuree.Family.headInsuree.phone","Head Phone","",2
"insuree","insuree.Family.insurees","{count} Insurees","",2
"insuree","insuree.Family.members.chfId","Member Ins. No.","",2
"insuree","insuree.Family.members.dobFrom","Member Birth From","",2
"insuree","insuree.Family.members.dobTo","Member Birth To","",2
"insuree","insuree.Family.members.email","Member Email","",2
"insuree","insuree.Family.members.gender","Member Gender","",2
"insuree","insuree.Family.members.otherNames","Member Given Name","",2
"insuree","insuree.Family.members.phone","Member Phone","",2
"insuree","insuree.Family.payments","Payments","",2
"insuree","insuree.Family.policies","Policies","",2
"insuree","insuree.Family.poverty","Poverty Status","",2
"insuree","insuree.familyAmountsSummary","Family Amounts Summary","",2
"insuree","insuree.FamilyFilter.showHistory","Show historical values","",2
"insuree","insuree.FamilyMembersTable.phone","Phone","",2
"insuree","insuree.FamilyOverview.panels","insuree.Family.panels","",2
"insuree","insuree.familySummaries","{count} Families/Groups Found","",2
"insuree","insuree.familySummaries.dob","Head Birth Date","",2
"insuree","insuree.familySummaries.email","Head Email","",2
"insuree","insuree.familySummaries.id","Id","",2
"insuree","insuree.familySummaries.openNewTab"," ","",2
"insuree","insuree.familySummaries.otherNames","insuree.familySummaries.lastName","",2
"insuree","insuree.familySummaries.phone","Head Phone","",2
"insuree","insuree.familySummaries.poverty","Poverty","",2
"insuree","insuree.familySummaries.validityFrom","Valid From","",2
"insuree","insuree.familySummaries.validityTo","Valid To","",2
"insuree","insuree.familySummary","Family Details","",2
"insuree","insuree.familySummary.chfId","CHFID","",2
"insuree","insuree.familySummary.head","(HEAD)","",2
"insuree","insuree.familySummary.phone","Phone","",2
"insuree","insuree.FamilyType.C","Council","",2
"insuree","insuree.FamilyType.G","Organization","",2
"insuree","insuree.FamilyType.H","Household","",2
"insuree","insuree.FamilyType.O","Other","",2
"insuree","insuree.FamilyType.P","Priests","",2
"insuree","insuree.FamilyType.S","Students","",2
"insuree","insuree.FamilyType.T","Teachers","",2
"insuree","insuree.gql_query_families_perms","Insuree | Query Families","",2
"insuree","insuree.gql_query_insuree_perms","Insuree | Query Insuree","",2
"insuree","insuree.gql_query_insuree_photo_perms","Insuree | Query Insuree Photo","",2
"insuree","insuree.gql_query_insuree_policy_perms","Insuree | Query Insuree Policy","",2
"insuree","insuree.gql_query_insurees_perms","Insuree | Query Insurees","",2
"insuree","insuree.IdentificationType.D","Driver's License","",2
"insuree","insuree.IdentificationType.N","National ID","",2
"insuree","insuree.IdentificationType.null","Any","",2
"insuree","insuree.IdentificationType.P","Passport","",2
"insuree","insuree.IdentificationType.V","Voter Card","",2
"insuree","insuree.Insuree.assignedVouchers","Vouchers This Year","",2
"insuree","insuree.Insuree.cardIssued","Beneficiary Card","",2
"insuree","insuree.Insuree.chfId","Insurance No.","",2
"insuree","insuree.Insuree.currentVillage.sameAsFamily","Same Village as Family","",2
"insuree","insuree.Insuree.dob","Birth Date","",2
"insuree","insuree.Insuree.dobFrom","Birth Date From","",2
"insuree","insuree.Insuree.dobTo","Birth Date To","",2
"insuree","insuree.Insuree.email","Email","",2
"insuree","insuree.Insuree.gender","Gender","",2
"insuree","insuree.Insuree.names","Name","",2
"insuree","insuree.Insuree.nationalId","National ID","",2
"insuree","insuree.Insuree.otherNames","Given Names","",2
"insuree","insuree.Insuree.passport","Identification No.","",2
"insuree","insuree.Insuree.phone","Phone","",2
"insuree","insuree.Insuree.photoOfficer","Officer (Photo)","",2
"insuree","insuree.insureeChangeFamily.mutationLabel","Move {insuree} to family {family}","",2
"insuree","insuree.InsureeFilter.showHistory","Show historical values","",2
"insuree","insuree.InsureeGender.F","Female","",2
"insuree","insuree.InsureeGender.M","Male","",2
"insuree","insuree.InsureeGender.null","Any","",2
"insuree","insuree.InsureeGender.O","Other","",2
"insuree","insuree.InsureeMissingPhotoReport.officer","Officer","",2
"insuree","insuree.InsureeOfficer.null","Any","",2
"insuree","insuree.insureeSummaries","{count} Insurees Found","",2
"insuree","insuree.insureeSummaries.dob","Birth Date","",2
"insuree","insuree.insureeSummaries.email","Email","",2
"insuree","insuree.insureeSummaries.gender","Gender","",2
"insuree","insuree.insureeSummaries.goToTheProfile","Go to profile","",2
"insuree","insuree.insureeSummaries.id","Id","",2
"insuree","insuree.insureeSummaries.openFamily"," ","",2
"insuree","insuree.insureeSummaries.openNewTab"," ","",2
"insuree","insuree.insureeSummaries.otherNames","insuree.insureeSummaries.lastName","",2
"insuree","insuree.insureeSummaries.phone","Phone","",2
"insuree","insuree.insureeSummaries.validityFrom","Valid From","",2
"insuree","insuree.insureeSummaries.validityTo","Valid To","",2
"insuree","insuree.InsureeSummary.insureeLocation","Address: {location}","",2
"insuree","insuree.label.districtFSP","District of FSP","",2
"insuree","insuree.label.firstServicePoint","First Service Point","",2
"insuree","insuree.label.levelFSP","Level of FSP","",2
"insuree","insuree.label.regionFSP","Region of FSP","",2
"insuree","insuree.link.profile","Profile","",2
"insuree","insuree.Profession.1","Housewife","",2
"insuree","insuree.Profession.2","Employee","",2
"insuree","insuree.Profession.3","Self Employee","",2
"insuree","insuree.Profession.4","Other","",2
"insuree","insuree.Profession.null","Any","",2
"insuree","insuree.Relation.1","Brother/Sister","",2
"insuree","insuree.Relation.2","Father/Mother","",2
"insuree","insuree.Relation.3","Uncle/Aunt","",2
"insuree","insuree.Relation.4","Son/Daughter","",2
"insuree","insuree.Relation.5","Grand parent","",2
"insuree","insuree.Relation.6","Employee","",2
"insuree","insuree.Relation.7","Other","",2
"insuree","insuree.Relation.8","Spouse","",2
"insuree","insuree.Relation.null","Any","",2
"insuree","insuree.RemoveInsuree.keepPolicies.mutationLabel","Remove insuree - {label} from family {family}, but keep policies","",2
"insuree","insuree.removeInsureeFromFamilyDialog.message","Are you sure you want to remove insuree {insuree} from family {family}?","",2
"insuree","insuree.SetFamilyHead.mutationLabel","Set (change) Family head - {label}","",2
"insuree","insuree.setHeadInsureeDialog.message","Are you sure you want to change the family head from {current} to {new}?","",2
"insuree","insuree.setInsureePhoto.mutationLabel","Add/update photo to insuree {insuree}","",2
"insuree","insuree.totalContributions","Total Contributions","",2
"insuree","insuree.totalPoliciesAmount","Total Policies Amount","",2
"invoice","invoice.amountDiscount","Remise","",2
"invoice","invoice.amountNet","Net","",2
"invoice","invoice.amountTotal","Montant Total","",2
"invoice","invoice.codeExt","Code Syst\xe8me externe","",2
"invoice","invoice.codeTp","Code Destinataire","",2
"invoice","invoice.gql_bill_amend_perms","Invoice | Bill Amend","",2
"invoice","invoice.gql_bill_payment_refund_perms","Invoice | Bill Payment Refund","",2
"invoice","invoice.gql_invoice_amend_perms","Invoice | Invoice Amend","",2
"invoice","invoice.gql_invoice_payment_refund_perms","Invoice | Invoice Payment Refund","",2
"invoice","invoice.headPanelTitle","Informations g\xe9n\xe9rales","",2
"invoice","invoice.pageTitle","Facture {label}","",2
"invoice","invoice.paymentReference","R\xe9f\xe9rence de paiement","",2
"invoice","invoice.subject","Sujet","",2
"invoice","invoice.taxAnalysis","Taxe","",2
"invoice","invoice.terms","Conditions","",2
"invoice","invoice.thirdparty","Destinataire","",2
"location","location.DistrictPicker.null","Tous","",2
"location","location.gql_mutation_move_location_perms","Location | Mutation Move Location","",2
"location","location.gql_query_health_facilities_perms","Location | Query Health Facilities","",2
"location","location.gql_query_locations_perms","Location | Query Locations","",2
"location","location.HealthFacilityFilter.email","Courriel :","",2
"location","location.HealthFacilityFilter.fax","Fax :","",2
"location","location.HealthFacilityFilter.phone","T\xe9l\xe9phone :","",2
"location","location.HealthFacilityFilter.showHistory","Afficher les valeurs historiques","",2
"location","location.HealthFacilityForm.codeTaken","Ce code est d\xe9j\xe0 utilis\xe9","",2
"location","location.HealthFacilityForm.email","Couriel","",2
"location","location.HealthFacilityForm.fax","Fax","",2
"location","location.HealthFacilityForm.phone","T\xe9l\xe9phone","",2
"location","location.HealthFacilityFullPath.district","District","",2
"location","location.HealthFacilityFullPath.healthFacility","ESA","",2
"location","location.HealthFacilityFullPath.region","R\xe9gion","",2
"location","location.healthFacilityLegalForm","Forme juridique de l'\xe9tablissement de sant\xe9","",2
"location","location.healthFacilityLegalForm.C","Charit\xe9","",2
"location","location.healthFacilityLegalForm.D","Organisation du district ","",2
"location","location.healthFacilityLegalForm.G","Gouvernement","",2
"location","location.healthFacilityLegalForm.null","tous","",2
"location","location.healthFacilityLegalForm.P","Organisation priv\xe9e","",2
"location","location.healthFacilityLevel","Niveau des \xe9tablissements de sant\xe9","",2
"location","location.healthFacilityLevel.C","Centre de sant\xe9","",2
"location","location.healthFacilityLevel.D","Dispensaire","",2
"location","location.healthFacilityLevel.H","H\xf4pital","",2
"location","location.healthFacilityLevel.null","tous","",2
"location","location.HealthFacilityMasterPanel.careType.nullLabel","S\xe9lectionner le type de soins","",2
"location","location.HealthFacilityPicker.null","Tous","",2
"location","location.healthFacilitySubLevel","Sous-niveau des \xe9tablissements de sant\xe9","",2
"location","location.healthFacilitySubLevel.I","Int\xe9gr\xe9","",2
"location","location.healthFacilitySubLevel.N","Pas de sous-niveau","",2
"location","location.healthFacilitySubLevel.null","tous","",2
"location","location.healthFacilitySubLevel.R","R\xe9f\xe9rence","",2
"location","location.healthFacilitySummaries","{count} \xc9tablissements de sant\xe9 trouv\xe9s","",2
"location","location.healthFacilitySummaries.careType","Type de soins","",2
"location","location.healthFacilitySummaries.district","District","",2
"location","location.healthFacilitySummaries.email","Courriel :","",2
"location","location.healthFacilitySummaries.fax","Fax :","",2
"location","location.healthFacilitySummaries.id","Id","",2
"location","location.healthFacilitySummaries.legalForm","Forme juridique","",2
"location","location.healthFacilitySummaries.level","Niveau","",2
"location","location.healthFacilitySummaries.phone","T\xe9l\xe9phone :","",2
"location","location.healthFacilitySummaries.region","R\xe9gion","",2
"location","location.healthFacilitySummaries.validityFrom","Validit\xe9 \xe0 partir de","",2
"location","location.healthFacilitySummaries.validityTo","Validit\xe9 jusqu'\xe0","",2
"location","location.Location2Picker.null","Tous","",2
"location","location.Location3Picker.null","Tous","",2
"location","location.LocationPicker.clearText","Effacer","",2
"location","location.LocationPicker.loadingText","Chargement…","",2
"location","location.LocationPicker.openText","Ouvrir","",2
"location","location.locationType","Type de lieu","",2
"location","location.locationType.0","R\xe9gion","",2
"location","location.locationType.0.children","Districts, municipalit\xe9s et villages","",2
"location","location.locationType.0.directChildren","Districts","",2
"location","location.locationType.1","District","",2
"location","location.locationType.1.children","Municipalit\xe9s et villages","",2
"location","location.locationType.1.directChildren","Municipalit\xe9s","",2
"location","location.locationType.2","Municipalit\xe9","",2
"location","location.locationType.2.children","Villages","",2
"location","location.locationType.2.directChildren","Villages","",2
"location","location.locationType.3","Village","",2
"location","location.locationType.D","District","",2
"location","location.locationType.null","Aucun","",2
"location","location.locationType.R","R\xe9gion","",2
"location","location.locationType.V","Village","",2
"location","location.locationType.W","Municipalit\xe9","",2
"location","location.MoveDialog.current","Parent actuel","",2
"location","location.MoveDialog.move","D\xe9placement","",2
"location","location.MoveDialog.new","Nouveau parent :","",2
"location","location.MoveLocation.mutationLabel","D\xe9placement du lieu {code} - {name} vers {newParentCode} - {newParentName}","",2
"location","location.RegionPicker.null","Tous","",2
"medical","medical.ageCategory","Cat\xe9gories d'\xe2ge *","",2
"medical","medical.careType.B","Ambulatoire et hospitalis\xe9","",2
"medical","medical.careType.I","Hospitalis\xe9","",2
"medical","medical.careType.null","tous","",2
"medical","medical.careType.O","Ambulatoire","",2
"medical","medical.codeTaken","Ce code est d\xe9j\xe0 utilis\xe9","",2
"medical","medical.genderCategory","Genres *","",2
"medical","medical.gql_query_medical_items_perms","Medical | Query Medical Items","",2
"medical","medical.gql_query_medical_services_perms","Medical | Query Medical Services","",2
"medical","medical.Item","Produit m\xe9dical","",2
"medical","medical.item.careType","Type de soins","",2
"medical","medical.item.category","Cat\xe9gorie","",2
"medical","medical.item.frequency","Fr\xe9quence (en jours)","",2
"medical","medical.item.itemsTitle","Produit m\xe9dical","",2
"medical","medical.item.itemTitle","Produit m\xe9dical","",2
"medical","medical.item.maximumAmount","Montant maximum par demande","",2
"medical","medical.item.MedicalItemOverview.newTitle","Nouvel article m\xe9dical","",2
"medical","medical.item.medicalItemSummaries","{count} article(s) m\xe9dical(aux) trouv\xe9(s)","",2
"medical","medical.item.openNewTab","Ouvrir dans un nouvel onglet","",2
"medical","medical.item.overviewTitle","D\xe9tails d'un article m\xe9dical","",2
"medical","medical.item.package","Paquet","",2
"medical","medical.item.patientCategory","Cat\xe9gorie de patient","",2
"medical","medical.item.price","Prix","",2
"medical","medical.item.quantity","Quantit\xe9","",2
"medical","medical.item.type","Type","",2
"medical","medical.item.validFrom","Valide \xe0 partir de","",2
"medical","medical.item.validTo","Valide jusqu'\xe0","",2
"medical","medical.ItemPicker.null","Tous","",2
"medical","medical.itemType","Type d'article","",2
"medical","medical.itemType.any","Tous","",2
"medical","medical.itemType.D","M\xe9dicament","",2
"medical","medical.itemType.M","Consommable","",2
"medical","medical.itemType.null","Aucun","",2
"medical","medical.patientCategory.1","Homme","",2
"medical","medical.patientCategory.2","Femme","",2
"medical","medical.patientCategory.4","Adulte","",2
"medical","medical.patientCategory.8","Mineur","",2
"medical","medical.Service","soin","",2
"medical","medical.service.careType","Type de soins","",2
"medical","medical.service.category","Cat\xe9gorie","",2
"medical","medical.service.frequency","Fr\xe9quence (en jours)","",2
"medical","medical.service.level","Niveau","",2
"medical","medical.service.maximumAmount","Montant maximum par demande","",2
"medical","medical.service.MedicalServiceOverview.newTitle","Nouvel acte","",2
"medical","medical.service.medicalServiceSummaries","{count} acte(s) trouv\xe9(s)","",2
"medical","medical.service.openNewTab","Ouvrir dans un nouvel onglet","",2
"medical","medical.service.overviewTitle","D\xe9tails d'un acte","",2
"medical","medical.service.packagetype","Type","",2
"medical","medical.service.patientCategory","Cat\xe9gorie de patient","",2
"medical","medical.service.price","Prix","",2
"medical","medical.service.servicesTitle","Actes","",2
"medical","medical.service.serviceTitle","Acte","",2
"medical","medical.service.type","Type","",2
"medical","medical.service.validFrom","Valide \xe0 partir de","",2
"medical","medical.service.validTo","Valide jusqu'\xe0","",2
"medical","medical.serviceCategory","Cat\xe9gorie de service","",2
"medical","medical.serviceCategory.A","Pr\xe9natal","",2
"medical","medical.serviceCategory.C","Consultation","",2
"medical","medical.serviceCategory.D","Accouchement","",2
"medical","medical.serviceCategory.H","Hospitalisation","",2
"medical","medical.serviceCategory.null","Aucun","",2
"medical","medical.serviceCategory.O","Autre","",2
"medical","medical.serviceCategory.S","Chirurgie","",2
"medical","medical.serviceCategory.V","Visite","",2
"medical","medical.serviceLevel","Niveau de service","",2
"medical","medical.serviceLevel.D","Ambulatoire","",2
"medical","medical.serviceLevel.H","Hospitalisation","",2
"medical","medical.serviceLevel.null","Aucun","",2
"medical","medical.serviceLevel.S","Soin ordinaire","",2
"medical","medical.serviceLevel.V","Visite","",2
"medical","medical.ServicePicker.null","Tous","",2
"medical","medical.serviceType","Type de service","",2
"medical","medical.serviceType.any","Tous","",2
"medical","medical.serviceType.C","Curatif","",2
"medical","medical.serviceType.null","Aucun","",2
"medical","medical.serviceType.P","Pr\xe9ventif","",2
"medical","medical.serviceTypePP","Type","",2
"medical","medical.serviceTypePP.F","Offre group\xe9e de services r\xe9mun\xe9r\xe9s \xe0 l'acte","",2
"medical","medical.serviceTypePP.null","Aucun","",2
"medical","medical.serviceTypePP.P","Offre group\xe9e forfaitaire","",2
"medical","medical.serviceTypePP.S","Simple/atomique","",2
"medical","medical.visitType","Type de visite","",2
"medical","medical.visitType.E","Urgence","",2
"medical","medical.visitType.null","tous","",2
"medical","medical.visitType.O","Autres","",2
"medical","medical.visitType.R","Renvoi","",2
"medical_pricelist","medical_pricelist.district","District","",2
"medical_pricelist","medical_pricelist.gql_mutation_pricelists_medical_items_duplicate_perms","Medical Pricelist | Mutation Pricelists Medical Items Duplicate","",2
"medical_pricelist","medical_pricelist.gql_mutation_pricelists_medical_services_duplicate_perms","Medical Pricelist | Mutation Pricelists Medical Services Duplicate","",2
"medical_pricelist","medical_pricelist.gql_query_pricelists_medical_items_perms","Medical Pricelist | Query Pricelists Medical Items","",2
"medical_pricelist","medical_pricelist.gql_query_pricelists_medical_services_perms","Medical Pricelist | Query Pricelists Medical Services","",2
"medical_pricelist","medical_pricelist.itemsPricelist","Liste des prix des produits m\xe9dicaux","",2
"medical_pricelist","medical_pricelist.nameTaken","Nom d\xe9j\xe0 utilis\xe9","",2
"medical_pricelist","medical_pricelist.openNewTab","Ouvrir dans un nouvel onglet","",2
"medical_pricelist","medical_pricelist.pricelistForm.emptyTitle","Nouvelle liste de tarifs","",2
"medical_pricelist","medical_pricelist.pricelistForm.selectAll","S\xe9lectionner tout","",2
"medical_pricelist","medical_pricelist.priceOverruleDialog.input","Prix","",2
"medical_pricelist","medical_pricelist.priceOverruleDialog.message","Vous pouvez outrepasser le prix de cet \xe9l\xe9ment pour cette liste de prix","",2
"medical_pricelist","medical_pricelist.region","R\xe9gion","",2
"medical_pricelist","medical_pricelist.servicesPricelist","Liste des prix des soins","",2
"medical_pricelist","medical_pricelist.showHistory","Afficher les valeurs historiques","",2
"medical_pricelist","medical_pricelist.table.overrule","Prix","",2
"medical_pricelist","medical_pricelist.table.price","Prix","",2
"medical_pricelist","medical_pricelist.table.selectAll","S\xe9lectionner tout","",2
"medical_pricelist","medical_pricelist.table.type","Type","",2
"medical_pricelist","medical_pricelist.table.type.c","Curatif","",2
"medical_pricelist","medical_pricelist.table.type.d","M\xe9dicament","",2
"medical_pricelist","medical_pricelist.table.type.p","Pr\xe9ventif","",2
"medical_pricelist","medical_pricelist.table.unselectAll","D\xe9s\xe9lectionner tout","",2
"medical_pricelist","medical_pricelist.valid_from","Valide \xe0 partir de","",2
"medical_pricelist","medical_pricelist.valid_to","Valide jusqu'\xe0","",2
"payer","payer.amount","Montant","",2
"payer","payer.district","District","",2
"payer","payer.email","Email :","",2
"payer","payer.fax","Fax","",2
"payer","payer.gql_query_payers_perms","Payer | Query Payers","",2
"payer","payer.PayerForm.emptyTitle","Nouveau payeur","",2
"payer","payer.PayerPicker.null","Tous","",2
"payer","payer.phone","T\xe9l\xe9phone","",2
"payer","payer.product","Paquet de b\xe9n\xe9fice","",2
"payer","payer.receipt","Re\xe7u","",2
"payer","payer.region","R\xe9gion","",2
"payer","payer.type","Type","",2
"payer","payer.type.C","Coop\xe9rative","",2
"payer","payer.type.D","Donateur","",2
"payer","payer.type.G","Gouvernement","",2
"payer","payer.type.L","Autorit\xe9 locale","",2
"payer","payer.type.null","S\xe9l.","",2
"payer","payer.type.O","Autre","",2
"payer","payer.type.P","Organisation priv\xe9e","",2
"payer","payer.validityFrom","Validit\xe9 De","",2
"payer","payer.validityTo","Validit\xe9 \xe0","",2
"payment","payment.expectedAmount_Gte","Montant attendu depuis","",2
"payment","payment.expectedAmount_Lte","Montant attendu jusqu'\xe0","",2
"payment","payment.gql_query_payments_perms","Payment | Query Payments","",2
"payment","payment.openNewTab","Ouvrir dans un nouvel onglet","",2
"payment","payment.openNewTabHead",".","",2
"payment","payment.payment.expectedAmount","Montant attendu","",2
"payment","payment.payment.officer","Agent","",2
"payment","payment.payment.origin","Origine","",2
"payment","payment.payment.receivedAmount","Montant re\xe7u","",2
"payment","payment.payment.rejectedReason","Motif du rejet","",2
"payment","payment.payment.transferFee","Frais de transfert","",2
"payment","payment.payment.typeOfPayment","Type de paiement","",2
"payment","payment.PaymentFilter.typeOfPayment","Type de paiement","",2
"payment","payment.PaymentOverview.newTitle","Nouveau paiement","",2
"payment","payment.paymentSummaries","{count} paiement(s) trouv\xe9(s)","",2
"payment","payment.PremiumsPayments","{count} Paiements","",2
"payment","payment.PremiumsPaymentsOfPremium","{count} Paiements de Contribution {premium}","",2
"payment","payment.receivedAmount_Gte","Montant re\xe7u au-dessus de","",2
"payment","payment.receivedAmount_Lte","Montant re\xe7u en dessous de","",2
"payment","payment.showHistory","Afficher les valeurs historiques","",2
"payment","payment.showReconciledOnly","Afficher uniquement les r\xe9concili\xe9s","",2
"paymentCycle","paymentCycle.bills.amountTotal","Montant Total","",2
"paymentCycle","paymentCycle.bills.pageTitle","Factures","",2
"paymentCycle","paymentCycle.bills.subject","Sujet","",2
"paymentCycle","paymentCycle.bills.thirdparty","Exp\xe9diteur","",2
"paymentCycle","paymentCycle.deduplicate","D\xe9dupliquer","",2
"paymentCycle","paymentCycle.deduplicate.fields","S\xe9lection du champ de d\xe9tection des doublons","",2
"paymentCycle","paymentCycle.PaymentCycleHeadPanel.subtitle","Informations g\xe9n\xe9rales","",2
"payroll","payroll.advancedCriteria.tip","Add additional filters to further narrow down beneficiaries. Beneficiaries must meet all conditions to be included.","",2
"payroll","payroll.advancedFilters","Filtres avanc\xe9s","",2
"payroll","payroll.advancedFilters.amount","Montant","",2
"payroll","payroll.advancedFilters.field","Champ d'application","",2
"payroll","payroll.advancedFilters.filter","Filtre","",2
"payroll","payroll.advancedFilters.value","Valeur","",2
"payroll","payroll.benefitConsumption.amount","Montant","",2
"payroll","payroll.benefitConsumption.confirm","Confirmer","",2
"payroll","payroll.benefitConsumption.individual","Individuel","",2
"payroll","payroll.benefitConsumption.pageTitle","Consommation de prestations","",2
"payroll","payroll.benefitConsumption.payedOnTime","Pay\xe9 \xe0 temps","",2
"payroll","payroll.benefitConsumption.payroll.benefitPlan","R\xe9gime de prestations","",2
"payroll","payroll.benefitConsumption.photo","Photo","",2
"payroll","payroll.benefitConsumption.receipt","Accus\xe9 de r\xe9ception","",2
"payroll","payroll.benefitConsumption.type","Type","",2
"payroll","payroll.errorSummary.outputGateway","Sortie de la passerelle de paiement","",2
"payroll","payroll.filterCriteria","Filter Criteria","",2
"payroll","payroll.filterCriteria.locations","Locations","",2
"payroll","payroll.filterCriteria.readonly","Only beneficiaries that belong to the selected projects and locations are included in the payroll.","",2
"payroll","payroll.filterCriteria.tip","Select projects and locations to filter beneficiaries. Only beneficiaries that belong to the selected projects and locations will be included in the payroll.","",2
"payroll","payroll.paymentMethod","Mode de paiement","",2
"payroll","payroll.paymentPoint.location","Localisation","",2
"payroll","payroll.paymentPoint.ppm","Gestionnaire des points de paiement","",2
"payroll","payroll.paymentPoint.route","Points de paiement","",2
"payroll","payroll.payroll.benefitPlan","R\xe9gime de prestations","",2
"payroll","payroll.payroll.customFilter","Filtre personnalis\xe9","",2
"payroll","payroll.payroll.includedUnpaid","Inclus les impay\xe9s","",2
"payroll","payroll.payroll.paymentPlan","Plan de paiement","",2
"payroll","payroll.payroll.paymentPoint","Point de paiement","",2
"payroll","payroll.payroll.paymentStrategy","Strat\xe9gie de paiement","",2
"payroll","payroll.payroll.route","Paiements","",2
"payroll","payroll.payrollPaymentFile.error","Erreur","",2
"payroll","payroll.reconciliationSummary","Afficher le r\xe9capitulatif de la r\xe9conciliation : {payrollName}","",2
"payroll","payroll.route.payrollsApproved","Paiements approuv\xe9s","",2
"payroll","payroll.route.payrollsPending","Paiements en attente","",2
"payroll","payroll.route.payrollsReconciled","Paiements r\xe9concili\xe9s","",2
"payroll","payroll.summary.amount","Montant","",2
"payroll","payroll.summary.beneficiariesCount","{selectedBeneficiaries} de {totalBeneficiaries}","",2
"payroll","payroll.summary.benefit_error","Erreur","",2
"payroll","payroll.summary.confirm","Confirmer","",2
"payroll","payroll.summary.deliveredReconciliation","Total livr\xe9 par rapprochement","",2
"payroll","payroll.summary.download","T\xe9l\xe9charger","",2
"payroll","payroll.summary.makePayment","Effectuer le paiement","",2
"payroll","payroll.summary.payedOnTime","Pay\xe9 \xe0 temps","",2
"payroll","payroll.summary.receipt","Accus\xe9 de r\xe9ception","",2
"payroll","payroll.summary.reject","Rejeter","",2
"payroll","payroll.summary.selectedBeneficiaries","B\xe9n\xe9ficiaires s\xe9lectionn\xe9s","",2
"payroll","payroll.summary.totalAmountDue","Montant total d\xfb","",2
"payroll","payroll.summary.totalAmountForInvoice","Montant total de la facture","",2
"payroll","payroll.summary.totalAmountReceived","Montant total re\xe7u","",2
"payroll","payroll.summary.totalNumberOfBenefits","Nombre total de prestations","",2
"payroll","payroll.summaryUpload","Chargement sommaire","",2
"payroll","payroll.viewReconciliationFiles","Voir les fichiers de r\xe9conciliation","",2
"payroll","payroll.viewReconciliationSummary","Voir le r\xe9sum\xe9 de la r\xe9conciliation","",2
"policy","policy.dialogActions.continue","Continuer","",2
"policy","policy.gql_mutation_renew_policies_perms","Policy | Mutation Renew Policies","",2
"policy","policy.gql_mutation_suspend_policies_perms","Policy | Mutation Suspend Policies","",2
"policy","policy.gql_query_eligibilities_perms","Policy | Query Eligibilities","",2
"policy","policy.gql_query_policies_by_family_perms","Policy | Query Policies By Family","",2
"policy","policy.gql_query_policies_by_insuree_perms","Policy | Query Policies By Insuree","",2
"policy","policy.gql_query_policies_perms","Policy | Query Policies","",2
"policy","policy.insureeEligibility.admissionsLeft","Admissions","",2
"policy","policy.insureeEligibility.antenatalAmountLeft","Pr\xe9natal","",2
"policy","policy.insureeEligibility.antenatalsLeft","Antenatals","",2
"policy","policy.insureeEligibility.consultationAmountLeft","Consultation","",2
"policy","policy.insureeEligibility.consultationsLeft","Consultations","",2
"policy","policy.insureeEligibility.deliveriesLeft","Livraisons","",2
"policy","policy.insureeEligibility.deliveryAmountLeft","Livraison","",2
"policy","policy.insureeEligibility.hospitalizationAmountLeft","Admission","",2
"policy","policy.insureeEligibility.item","Admissibilit\xe9 des produits m\xe9dicaux","",2
"policy","policy.insureeEligibility.left","A gauche","",2
"policy","policy.insureeEligibility.remainAmounts","Montants restants","",2
"policy","policy.insureeEligibility.remainNbr","Les derniers comptes","",2
"policy","policy.insureeEligibility.service","Admissibilit\xe9 des soins","",2
"policy","policy.insureeEligibility.surgeriesLeft","Chirurgies","",2
"policy","policy.insureeEligibility.surgeryAmountLeft","Chirurgie","",2
"policy","policy.insureeEligibility.visitsLeft","Visites","",2
"policy","policy.policies.balance","Solde","",2
"policy","policy.policies.ceiling","Plafond","",2
"policy","policy.policies.deduction","D\xe9duction","",2
"policy","policy.policies.hospitalCeiling","Plafond h\xf4pital","",2
"policy","policy.policies.hospitalDeduction","D\xe9duction hospitali\xe8re","",2
"policy","policy.policies.officer","Agent d'inscription","",2
"policy","policy.policies.onlyActiveOrLastExpired","Afficher seulement les derni\xe8res activ\xe9es ou les derni\xe8res expir\xe9es","",2
"policy","policy.policies.policyValue","Valeur de la police","",2
"policy","policy.Policy.balance","Solde","",2
"policy","policy.Policy.contribDetails","D\xe9tails de la contribution","",2
"policy","policy.Policy.contribDetails.warning","WARNING: Leaving the receipt field blank triggers auto-generation. Ensure uniqueness.","",2
"policy","policy.Policy.sumPremiums","Cotisations pay\xe9es","",2
"policy","policy.Policy.value","Valeur","",2
"policy","policy.PolicyFilter.balanceGte","Solde au-dessus","",2
"policy","policy.PolicyFilter.balanceLte","Solde sous","",2
"policy","policy.PolicyFilter.showHistory","Afficher valeurs historiques","",2
"policy","policy.PolicyFilter.showInactive","Uniquement avec des assur\xe9s inactifs","",2
"policy","policy.PolicyOfficerPicker.null","Tous","",2
"policy","policy.PolicyRenewalsReport.district","District","",2
"policy","policy.PolicyRenewalsReport.officer","Agent","",2
"policy","policy.PolicyRenewalsReport.product","Paquet de b\xe9n\xe9fice","",2
"policy","policy.PolicyRenewalsReport.region","R\xe9gion","",2
"policy","policy.PolicyRenewalsReport.sorting","Tri","",2
"policy","policy.PolicyRenewalsReport.sorting.D","par date de renouvellement","",2
"policy","policy.PolicyRenewalsReport.sorting.null","Tous","",2
"policy","policy.PolicyRenewalsReport.sorting.O","par agent","",2
"policy","policy.PolicyRenewalsReport.sorting.R","par num\xe9ro du re\xe7u","",2
"policy","policy.PolicyStage","Type","",2
"policy","policy.PolicyStage.N","Nouvelle police","",2
"policy","policy.PolicyStage.null","Tous","",2
"policy","policy.PolicyStage.R","Police renouvel\xe9e","",2
"policy","policy.policySummaries","{count} Polices trouv\xe9es","",2
"policy","policy.policySummaries.balance","Solde","",2
"policy","policy.policySummaries.officer","Agent","",2
"policy","policy.policySummaries.openFamily",".","",2
"policy","policy.policySummaries.openNewTab",".","",2
"policy","policy.policySummaries.product","Paquet de b\xe9n\xe9fice","",2
"policy","policy.policySummaries.renew",".","",2
"policy","policy.policySummaries.stage","Type","",2
"policy","policy.policySummaries.suspend",".","",2
"policy","policy.policySummaries.validityFrom","Valide \xe0 partir de","",2
"policy","policy.policySummaries.validityTo","Valide jusqu'\xe0","",2
"policy","policy.policySummaries.value","Valeur","",2
"policy","policy.policyValues.alert.message","La famille compte plus d'assur\xe9s que le nombre maximum de membres autoris\xe9 pour le produit s\xe9lectionn\xe9. Tousefois, la police peut encore \xeatre cr\xe9\xe9e. Voulez-vous continuer ?","",2
"policy","policy.RenewPolicy.mutationLabel","Renouveler la police {policy}","",2
"policy","policy.SuspendPolicy.mutationLabel","Suspendre la police {policy}","",2
"policy","policy.suspendPolicyDialog.message","\xcates-vous s\xfbr de vouloir suspendre la police {label} ?","",2
"policyHolder","policyHolder.accountancyAccount","Compte comptable","",2
"policyHolder","policyHolder.accountancyAccountValidation.regexMsg.en","Compte comptable non valide","",2
"policyHolder","policyHolder.accountancyAccountValidation.regexMsg.fr","Num\xe9ro de compte comptable invalide","",2
"policyHolder","policyHolder.any","Tous","",2
"policyHolder","policyHolder.bankAccount","Compte bancaire","",2
"policyHolder","policyHolder.calculation","Param\xe8tre de calcul","",2
"policyHolder","policyHolder.codeTaken","Le code du titulaire de police existe d\xe9j\xe0","",2
"policyHolder","policyHolder.contributionPlanBundle","Paquet de r\xe9gimes de cotisations","",2
"policyHolder","policyHolder.dialog.replace","Ajouter","",2
"policyHolder","policyHolder.email","Email :","",2
"policyHolder","policyHolder.emailValidation.regexMsg.en","Email non valide","",2
"policyHolder","policyHolder.emailValidation.regexMsg.fr","Email invalide","",2
"policyHolder","policyHolder.emptyLabel"," ","",2
"policyHolder","policyHolder.fax","Fax","",2
"policyHolder","policyHolder.faxValidation.regexMsg.en","Num\xe9ro de fax non valide","",2
"policyHolder","policyHolder.faxValidation.regexMsg.fr","Num\xe9ro de fax invalide","",2
"policyHolder","policyHolder.insureeCHFID","Assur\xe9 n\xb0.","",2
"policyHolder","policyHolder.legalForm","Forme juridique","",2
"policyHolder","policyHolder.location","Localisation","",2
"policyHolder","policyHolder.mandatoryField.error","Ce champ est obligatoire","",2
"policyHolder","policyHolder.mandatoryFieldsEmptyError","* Ces champs sont obligatoires","",2
"policyHolder","policyHolder.paymentReference","R\xe9f\xe9rence de paiement","",2
"policyHolder","policyHolder.paymentReferenceValidation.regexMsg.en","R\xe9f\xe9rence de paiement invalide","",2
"policyHolder","policyHolder.paymentReferenceValidation.regexMsg.fr","R\xe9f\xe9rence de paiement invalide","",2
"policyHolder","policyHolder.phone","T\xe9l\xe9phone","",2
"policyHolder","policyHolder.phoneValidation.regexMsg.en","Num\xe9ro de t\xe9l\xe9phone non valide","",2
"policyHolder","policyHolder.phoneValidation.regexMsg.fr","Num\xe9ro de t\xe9l\xe9phone invalide","",2
"policyHolder","policyHolder.policyHolder","Titulaire de police","",2
"policyHolder","policyHolder.policyHolderContributionPlanBundle.any","Tous","",2
"policyHolder","policyHolder.policyHolderInsuree.tabDisabledError","Pour commencer \xe0 cr\xe9er un nouveau titulaire de police, vous devez remplir les champs Informations g\xe9n\xe9rales et cliquer sur sauvegarder.","",2
"policyHolder","policyHolder.ReplacePolicyHolderContributionPlanBundle.mutationLabel","Remplacer le paquet de r\xe9gimes de cotisation de {code} - {tradeName}","",2
"policyHolder","policyHolder.ReplacePolicyHolderInsuree.mutationLabel","Remplacer le Titulaire de la Police de {code} - {nom commercial}","",2
"policyHolder","policyHolder.ReplacePolicyHolderUser.mutationLabel","{newUser} remplace {oldUser} sur {policyHolder}","",2
"product","product.administrationPeriod","P\xe9riode d'administration (mois)","",2
"product","product.ageMaximal","\xc2ge maximum","",2
"product","product.ageMinimal","\xc2ge minimum","",2
"product","product.alreadyTaken","Code du paquet de b\xe9n\xe9fice d\xe9j\xe0 utilis\xe9","",2
"product","product.CapitationLevelsTable.facilityType","Type de formation sanitaire","",2
"product","product.CapitationLevelsTable.level","Niveau","",2
"product","product.CapitationLevelsTable.subType","Sous-type","",2
"product","product.CapitationTabForm.capitationLevelsSectionTitle","Niveaux de capitation","",2
"product","product.CapitationTabForm.contributionShare","Part de la cotisation","",2
"product","product.CapitationTabForm.weightsSectionTitle","R\xe9partition des poids","",2
"product","product.CapitationTabForm.weightsTable.category","Cat\xe9gorie","",2
"product","product.CapitationTabForm.weightsTable.weight","Poids (%)","",2
"product","product.CapitationTabForm.weightsTable.weightAdjustedAmount","Montant ajust\xe9","",2
"product","product.CapitationTabForm.weightsTable.weightInsuredPopulation","Population assur\xe9e","",2
"product","product.CapitationTabForm.weightsTable.weightNbFamilies","Nombre de familles","",2
"product","product.CapitationTabForm.weightsTable.weightNbInsuredFamilies","Nombre de familles assur\xe9es","",2
"product","product.CapitationTabForm.weightsTable.weightNbVisits","Nombre de visites","",2
"product","product.CapitationTabForm.weightsTable.weightPopulation","Population","",2
"product","product.ceilingDiscrimination","Discrimination des plafonds","",2
"product","product.ceilingDiscrimination.CLAIM_TYPE","En fonction du type de prestation","",2
"product","product.ceilingDiscrimination.HEALTH_FACILITY_TYPE","En fonction du type de formation sanitaire","",2
"product","product.ceilingDiscrimination.null","S\xe9lectionner un discriminant","",2
"product","product.ceilingType","Type de plafond","",2
"product","product.ceilingType.INSUREE","Assur\xe9","",2
"product","product.ceilingType.POLICY","Police","",2
"product","product.ceilingType.TREATMENT","Traitement","",2
"product","product.ContributionTabForm.discountsSectionTitle","Remises","",2
"product","product.ContributionTabForm.graceSectionTitle","D\xe9lais de gr\xe2ce","",2
"product","product.CycleInput.month","Mois","",2
"product","product.CycleInput.null","Tous","",2
"product","product.DataGrid.actions","Actions","",2
"product","product.dedInsuree","Seuil","",2
"product","product.dedTreatment","Traitement","",2
"product","product.DeductiblesCeilingsTabForm.all","Tous","",2
"product","product.DeductiblesCeilingsTabForm.ceilingDiscriminationExplanation","Pr\xe9cisez si les soins hospitaliers et non hospitaliers doivent \xeatre d\xe9termin\xe9s en fonction du type de niveau de formation sanitaire qui a fourni les soins (h\xf4pital/non-h\xf4pital) ou en fonction du type de soins acquis \xe0 partir de la prestation (hospitaliers/ambulatoire).","",2
"product","product.DeductiblesCeilingsTabForm.DeductiblesTable.ceiling","Plafond","",2
"product","product.DeductiblesCeilingsTabForm.DeductiblesTable.deductible","Franchise","",2
"product","product.DeductiblesCeilingsTabForm.DeductiblesTable.insuree","Assur\xe9","",2
"product","product.DeductiblesCeilingsTabForm.DeductiblesTable.policy","Police","",2
"product","product.DeductiblesCeilingsTabForm.DeductiblesTable.treatment","Traitement","",2
"product","product.DeductiblesCeilingsTabForm.extraMemberCeiling","Plafond des membres suppl\xe9mentaires","",2
"product","product.DeductiblesCeilingsTabForm.hospitals","H\xf4pitaux","",2
"product","product.DeductiblesCeilingsTabForm.inPatient","Hospitalisation","",2
"product","product.DeductiblesCeilingsTabForm.maximumCeiling","Plafond maximum","",2
"product","product.DeductiblesCeilingsTabForm.MaxTable.antenatal","Pr\xe9natal","",2
"product","product.DeductiblesCeilingsTabForm.MaxTable.ceiling","Plafond","",2
"product","product.DeductiblesCeilingsTabForm.MaxTable.consultations","Consultations","",2
"product","product.DeductiblesCeilingsTabForm.MaxTable.deliveries","Accouchements","",2
"product","product.DeductiblesCeilingsTabForm.MaxTable.hopitalizations","Hospitalisations","",2
"product","product.DeductiblesCeilingsTabForm.MaxTable.number","Num\xe9ro","",2
"product","product.DeductiblesCeilingsTabForm.MaxTable.surgeries","Chirurgies","",2
"product","product.DeductiblesCeilingsTabForm.MaxTable.visits","Visites","",2
"product","product.DeductiblesCeilingsTabForm.outPatient","Ambulatoire","",2
"product","product.DeductiblesCeilingsTabForm.splitCeilings","Plafonds fractionn\xe9s et franchises","",2
"product","product.district","District","",2
"product","product.enrolmentDiscountPerc","Pourcentage de remise d'adh\xe9sion","",2
"product","product.enrolmentDiscountPeriod","P\xe9riode de remise d'adh\xe9sion","",2
"product","product.FormMainPanel.accountingSectionTitle","Comptabilit\xe9","",2
"product","product.FormMainPanel.validitySectionTitle","Validit\xe9","",2
"product","product.generalAssemblyFee","Frais de montage","",2
"product","product.generalAssemblyLumpSum","Somme forfaitaire pour l'assemblage","",2
"product","product.gql_mutation_products_duplicate_perms","Product | Mutation Products Duplicate","",2
"product","product.gql_query_products_perms","Product | Query Products","",2
"product","product.gracePeriodEnrolment","P\xe9riode de gr\xe2ce pour l'adh\xe9sion","",2
"product","product.gracePeriodPayment","P\xe9riode de gr\xe2ce pour le paiement","",2
"product","product.gracePeriodRenewal","P\xe9riode de gr\xe2ce pour le renouvellement","",2
"product","product.insurancePeriod","P\xe9riode d'assurance (mois)","",2
"product","product.ItemsOrServicesGrid.careType","Type de soins","",2
"product","product.ItemsOrServicesGrid.ceilingExclusion.BOTH","Les deux sites","",2
"product","product.ItemsOrServicesGrid.ceilingExclusion.HOSPITAL","H\xf4pital","",2
"product","product.ItemsOrServicesGrid.ceilingExclusion.null","Aucun","",2
"product","product.ItemsOrServicesGrid.ceilingExclusionAdult","Exclusion Plafond - adulte","",2
"product","product.ItemsOrServicesGrid.ceilingExclusionChild","Exclusions plafond - enfant","",2
"product","product.ItemsOrServicesGrid.dialogTitle","Ajouter d'autres produits m\xe9dicaux","",2
"product","product.ItemsOrServicesGrid.level","Niveau","",2
"product","product.ItemsOrServicesGrid.limitAdult","Limite Autre - adulte","",2
"product","product.ItemsOrServicesGrid.limitAdultE","Limite Urgence - adulte","",2
"product","product.ItemsOrServicesGrid.limitAdultR","Limite r\xe9f\xe9rence - adulte","",2
"product","product.ItemsOrServicesGrid.limitationType","Limite Autre","",2
"product","product.ItemsOrServicesGrid.limitationTypeE","Limite Urgence","",2
"product","product.ItemsOrServicesGrid.limitationTypeR","Limite R\xe9f\xe9rence","",2
"product","product.ItemsOrServicesGrid.limitChild","Limite Autre - enfant","",2
"product","product.ItemsOrServicesGrid.limitChildE","Limite Urgence - enfant","",2
"product","product.ItemsOrServicesGrid.limitChildR","Limite R\xe9f\xe9rence - enfant","",2
"product","product.ItemsOrServicesGrid.limitTypes.CO_INSURANCE","Coassurance","",2
"product","product.ItemsOrServicesGrid.limitTypes.FIXED_AMOUNT","Montant fixe","",2
"product","product.ItemsOrServicesGrid.package","Paquet","",2
"product","product.ItemsOrServicesGrid.price","Prix","",2
"product","product.ItemsOrServicesGrid.priceOrigin","Origine des prix","",2
"product","product.ItemsOrServicesGrid.priceOrigin.PRICELIST","Sch\xe9ma","",2
"product","product.ItemsOrServicesGrid.priceOrigin.PROVIDER","Prestataire","",2
"product","product.ItemsOrServicesGrid.priceOrigin.RELATIVE","Prix relatifs","",2
"product","product.ItemsOrServicesGrid.type","Type","",2
"product","product.ItemsOrServicesGrid.waitingPeriodAdult","P\xe9riode d'attente - adulte","",2
"product","product.ItemsOrServicesGrid.waitingPeriodChild","P\xe9riode d'attente - enfant","",2
"product","product.lumpSum","Somme forfaitaire","",2
"product","product.maxInstallments","Tranches maximaux","",2
"product","product.maxMembers","Nombre maximal de membres","",2
"product","product.memberTreshold","Seuil","",2
"product","product.PoolingManagementTabForm.startCyclesSectionTitle","Commencement des cycles","",2
"product","product.premiumAdult","Cotisation adulte","",2
"product","product.premiumChild","Cotisation pour enfant","",2
"product","product.Product","Paquet de b\xe9n\xe9fices","",2
"product","product.ProductDerivedOperationalIndicators.month","Mois","",2
"product","product.ProductDerivedOperationalIndicators.product","Paquet de b\xe9n\xe9fice","",2
"product","product.ProductDerivedOperationalIndicators.year","Ann\xe9e","",2
"product","product.ProductFilters.showHistory","Afficher les valeurs historiques","",2
"product","product.ProductForm.emptyTitle","Nouveau Paquet de b\xe9n\xe9fice","",2
"product","product.ProductItemsDialog.description","Recherchez les \xe9l\xe9ments que vous voulez ajouter dans ce paquet de b\xe9n\xe9fice.","",2
"product","product.ProductPicker","socialProtection.BenefitPlanPicker","",2
"product","product.ProductPicker.aboveLimit","Paquet de b\xe9n\xe9fice au-dessus de la {limit} trouv\xe9s. Pour des r\xe9sultats sp\xe9cifiques, veuillez utiliser la barre de recherche.","",2
"product","product.ProductSalesReport.district","District","",2
"product","product.ProductSalesReport.region","R\xe9gion","",2
"product","product.recurrence","R\xe9currence","",2
"product","product.region","R\xe9gion","",2
"product","product.registrationFee","Frais d'inscription","",2
"product","product.registrationLumpSum","Inscription Montant forfaitaire","",2
"product","product.renewalDiscountPerc","Remise Renouvellement Pourcentage","",2
"product","product.renewalDiscountPeriod","P\xe9riode de remise de renouvellement","",2
"product","product.startCycle1","Cycle 1","",2
"product","product.startCycle2","Cycle 2","",2
"product","product.startCycle3","Cycle 3","",2
"product","product.startCycle4","Cycle 4","",2
"product","product.TabsForm.capitation","Paiement par capitation","",2
"product","product.TabsForm.contributionPlan","R\xe9gime \xe0 cotisations","",2
"product","product.TabsForm.deductibles","Franchises et plafonds","",2
"product","product.TabsForm.pooling","Gestion de la mutualisation","",2
"product","product.TabsForm.productItems","Produits m\xe9dicaux","",2
"product","product.TabsForm.productServices","Actes","",2
"profile","profile.ChangePasswordPage.confirmPasswordLabel","Confirmer le nouveau mot de passe","",2
"profile","profile.ChangePasswordPage.newPasswordLabel","Nouveau mot de passe","",2
"profile","profile.ChangePasswordPage.oldPasswordLabel","Mot de passe actuel","",2
"profile","profile.districts","Districts attribu\xe9s","",2
"profile","profile.email","Email","",2
"profile","profile.language","Langue de l'interface","",2
"profile","profile.otherNames","Pr\xe9noms","",2
"profile","profile.phone","Num\xe9ro de t\xe9l\xe9phone","",2
"profile","profile.regions","R\xe9gions attribu\xe9es","",2
"profile","profile.roles","R\xf4les attribu\xe9s","",2
"report","report.gql_query_report_perms","Report | Query Report","",2
"report","report.gql_reports_capitation_payment_perms","Report | Capitation Payment","",2
"report","report.gql_reports_claim_history_report_perms","Report | Claim History Report","",2
"report","report.gql_reports_claim_overview_report_perms","Report | Claim Overview Report","",2
"report","report.gql_reports_contribution_collection_perms","Report | Contribution Collection","",2
"report","report.gql_reports_contribution_distribution_perms","Report | Contribution Distribution","",2
"report","report.gql_reports_contribution_payment_perms","Report | Contribution Payment","",2
"report","report.gql_reports_control_number_assignment_perms","Report | Control Number Assignment","",2
"report","report.gql_reports_derived_operational_indicators_perms","Report | Derived Operational Indicators","",2
"report","report.gql_reports_enrolment_performance_indicators_perms","Report | Enrolment Performance Indicators","",2
"report","report.gql_reports_families_insurees_overview_perms","Report | Families Insurees Overview","",2
"report","report.gql_reports_insuree_without_photos_perms","Report | Insuree Without Photos","",2
"report","report.gql_reports_matching_funds_perms","Report | Matching Funds","",2
"report","report.gql_reports_overview_of_commissions_perms","Report | Overview Of Commissions","",2
"report","report.gql_reports_payment_category_overview_perms","Report | Payment Category Overview","",2
"report","report.gql_reports_pending_insurees_perms","Report | Pending Insurees","",2
"report","report.gql_reports_percentage_referrals_perms","Report | Percentage Referrals","",2
"report","report.gql_reports_primary_operational_indicator_policies_perms","Report | Primary Operational Indicator Policies","",2
"report","report.gql_reports_primary_operational_indicators_claims_perms","Report | Primary Operational Indicators Claims","",2
"report","report.gql_reports_product_sales_perms","Report | Product Sales","",2
"report","report.gql_reports_rejected_photo_perms","Report | Rejected Photo","",2
"report","report.gql_reports_renewals_perms","Report | Renewals","",2
"report","report.gql_reports_user_activity_perms","Report | User Activity","",2
"socialProtection","socialProtection.acceptSelected","Accepter la s\xe9lection","",2
"socialProtection","socialProtection.advancedFilters","Filtres avanc\xe9s","",2
"socialProtection","socialProtection.any","Tous","",2
"socialProtection","socialProtection.approveAll","Tout accepter","",2
"socialProtection","socialProtection.atomicApprove","Souhaitez-vous approuver cette t\xe2che pour les enregistrements de {count}?","",2
"socialProtection","socialProtection.beneficiary.benefitPlanTypePicker","Type","",2
"socialProtection","socialProtection.beneficiary.benefitPlanTypePicker.GROUP","GROUPE","",2
"socialProtection","socialProtection.beneficiary.benefitPlanTypePicker.INDIVIDUAL","INDIVIDUEL","",2
"socialProtection","socialProtection.beneficiary.dob","Date de naissance","",2
"socialProtection","socialProtection.beneficiary.isEligible","R\xe9pond aux crit\xe8res","",2
"socialProtection","socialProtection.beneficiary.isEligible.false","Non","",2
"socialProtection","socialProtection.beneficiary.isEligible.true","Oui","",2
"socialProtection","socialProtection.beneficiary.task.benefitPlan.id","R\xe9gime de prestations","",2
"socialProtection","socialProtection.beneficiary.task.individual.id","Individuel","",2
"socialProtection","socialProtection.benefitPackage.Individual.pageTitle","{firstName} {lastName}","",2
"socialProtection","socialProtection.BenefitPlan","Program","",2
"socialProtection","socialProtection.benefitPlan.benefitPlanBeneficiaries.template","Mod\xe8le","",2
"socialProtection","socialProtection.benefitPlan.benefitPlanBeneficiaries.upload","T\xe9l\xe9charger","",2
"socialProtection","socialProtection.benefitPlan.benefitPlanBeneficiaries.upload.alert.message.invalid_format","Veuillez t\xe9l\xe9charger un fichier CSV ou Excel valide !","",2
"socialProtection","socialProtection.benefitPlan.benefitPlanBeneficiaries.uploadHistory","Historique des t\xe9l\xe9chargements","",2
"socialProtection","socialProtection.benefitPlan.benefitPlanBeneficiaries.uploadHistoryTable.downloadInvalidItems","T\xe9l\xe9charger les \xe9l\xe9ments non valides","",2
"socialProtection","socialProtection.benefitPlan.benefitPlanBeneficiaries.uploadHistoryTable.downloadUploadFile","T\xe9l\xe9charger T\xe9l\xe9charger le fichier","",2
"socialProtection","socialProtection.benefitPlan.benefitPlanBeneficiaries.uploadHistoryTable.error","Erreurs","",2
"socialProtection","socialProtection.benefitPlan.benefitPlanBeneficiaries.uploadHistoryTable.sourceType","Type de t\xe9l\xe9chargement","",2
"socialProtection","socialProtection.benefitPlan.benefitPlanBeneficiaries.uploadHistoryTable.user","Utilisateur t\xe9l\xe9charg\xe9","",2
"socialProtection","socialProtection.benefitPlan.benefitPlanBeneficiaries.uploadHistoryTable.validationErrors","Erreurs de validation","",2
"socialProtection","socialProtection.benefitPlan.benefitPlanBeneficiaries.uploadHistoryTable.workflow","Flux de travail","",2
"socialProtection","socialProtection.benefitPlan.benefitPlanHelmet","R\xe9gime de prestations","",2
"socialProtection","socialProtection.benefitPlan.code.alreadyTaken","Le code est d\xe9j\xe0 pris","",2
"socialProtection","socialProtection.benefitPlan.description","Description","",2
"socialProtection","socialProtection.benefitPlan.institution","Institution","",2
"socialProtection","socialProtection.benefitPlan.maxBeneficiaries","B\xe9n\xe9ficiaires maximaux","",2
"socialProtection","socialProtection.benefitPlan.name.alreadyTaken","Le nom est d\xe9j\xe0 pris","",2
"socialProtection","socialProtection.benefitPlan.pageTitle","R\xe9gime de prestations {code} {name}","",2
"socialProtection","socialProtection.benefitPlan.schema","Sch\xe9ma","",2
"socialProtection","socialProtection.benefitPlan.schema.showSchema","Afficher le sch\xe9ma","",2
"socialProtection","socialProtection.benefitPlan.suspend.confirm.message","\xcates-vous s\xfbr de vouloir suspendre le r\xe9gime de prestations ?","",2
"socialProtection","socialProtection.benefitPlan.type","Type","",2
"socialProtection","socialProtection.benefitPlan.undo.confirm.message","This will undo the deletion and make the program active again. Do you want to continue?","",2
"socialProtection","socialProtection.benefitPlan.undo.mutationLabel","Restore program {name}","",2
"socialProtection","socialProtection.benefitPlan.version","Version","",2
"socialProtection","socialProtection.benefitUploadRecord.percentageOfInvalidItems","Pourcentage d'\xe9l\xe9ments non valides","",2
"socialProtection","socialProtection.benefitUploadRecord.workflow","Flux de travail","",2
"socialProtection","socialProtection.bulkApprove","Souhaitez-vous approuver cette t\xe2che pour tous les enregistrements ?","",2
"socialProtection","socialProtection.dialogActions.continue","Continuer","",2
"socialProtection","socialProtection.download","T\xe9l\xe9charger","",2
"socialProtection","socialProtection.downloadBeneficiaries.mutationLabel","T\xe9l\xe9charger les b\xe9n\xe9ficiaires","",2
"socialProtection","socialProtection.groupBeneficiary.id","ID","",2
"socialProtection","socialProtection.project.activity","Activity","",2
"socialProtection","socialProtection.project.benefitPlan","Program","",2
"socialProtection","socialProtection.project.location","Location","",2
"socialProtection","socialProtection.project.name.alreadyTaken","The name is already taken","",2
"socialProtection","socialProtection.project.pageTitle","Project details","",2
"socialProtection","socialProtection.project.targetBeneficiaries","Target Beneficiaries","",2
"socialProtection","socialProtection.project.workingDays","Working Days","",2
"socialProtection","socialProtection.rejectAll","Rejeter tout","",2
"socialProtection","socialProtection.rejectSelected","T\xe2ches du b\xe9n\xe9ficiaire","",2
"socialProtection","socialProtection.resolveAllRemainingTasks","R\xe9solution des t\xe2ches en bloc","",2
"socialProtection","socialProtection.resolveSelectedTasks","R\xe9soudre les t\xe2ches s\xe9lectionn\xe9es","",2
"socialProtection","socialProtection.validation.benefitPlan.invalidSchema","Sch\xe9ma invalide","",2
"socialProtection","socialProtection.workflowPicker","Flux de travail","",2
"tasksManagement","tasksManagement.defaultValue.any","Tous","",2
"tasksManagement","tasksManagement.entries.tasksManagementAllView","Toutes les t\xe2ches","",2
"tasksManagement","tasksManagement.entries.tasksManagementView","T\xe2ches","",2
"tasksManagement","tasksManagement.groupsManagement.groupHelmet","Groupe de travail","",2
"tasksManagement","tasksManagement.task.assignee","Groupe de travail","",2
"tasksManagement","tasksManagement.task.detailsPage.triage.headPanelTitle","Informations g\xe9n\xe9rales","",2
"tasksManagement","tasksManagement.task.detailsPage.triage.preview","Avant-premi\xe8re","",2
"tasksManagement","tasksManagement.task.entity","Entit\xe9","",2
"tasksManagement","tasksManagement.task.resolve.confirm.approve.message","\xcates-vous s\xfbr de vouloir approuver cette t\xe2che ?","",2
"tasksManagement","tasksManagement.task.resolve.confirm.fail.message","\xcates-vous s\xfbr de vouloir \xe9chouer dans cette t\xe2che ?","",2
"tasksManagement","tasksManagement.task.resolve.mutationLabel","R\xe9solution de la t\xe2che","",2
"tasksManagement","tasksManagement.task.source","Source","",2
"tasksManagement","tasksManagement.task.source.BeneficiaryService","Service des b\xe9n\xe9ficiaires","",2
"tasksManagement","tasksManagement.task.source.BenefitPlanService","Service des r\xe9gimes d'avantages sociaux","",2
"tasksManagement","tasksManagement.task.source.calcrule_social_protection","R\xe8gle de calcul : Protection sociale","",2
"tasksManagement","tasksManagement.task.source.GroupIndividualService","Groupe Service individuel","",2
"tasksManagement","tasksManagement.task.source.import_valid_items","Importer des \xe9l\xe9ments valides","",2
"tasksManagement","tasksManagement.task.source.IndividualService","Service individuel","",2
"tasksManagement","tasksManagement.task.source.mutationLabel","R\xe9solution de la t\xe2che","",2
"tasksManagement","tasksManagement.task.source.payroll","Paiements","",2
"tasksManagement","tasksManagement.task.source.payroll_reconciliation","Rapprochement des salaires","",2
"tasksManagement","tasksManagement.task.source.payroll_reject","Rejeter la paie","",2
"tasksManagement","tasksManagement.task.type","Type","",2
"tasksManagement","tasksManagement.task.type.accept_payroll","Accepter la paie","",2
"tasksManagement","tasksManagement.task.type.calculate","Calculer","",2
"tasksManagement","tasksManagement.task.type.import_valid_items","Importer des \xe9l\xe9ments valides","",2
"tasksManagement","tasksManagement.task.type.payroll_reconciliation","Rapprochement des salaires","",2
"tasksManagement","tasksManagement.task.type.payroll_reject","Rejeter la paie","",2
"tasksManagement","tasksManagement.task.version","Version","",2
"tasksManagement","tasksManagement.taskGroup.completionPolicy","Statut de la police","",2
"tasksManagement","tasksManagement.taskGroup.completionPolicy.ALL","TOUS","",2
"tasksManagement","tasksManagement.taskGroup.completionPolicy.ANY","ANY","",2
"tasksManagement","tasksManagement.taskGroup.completionPolicy.N","N","",2
"tasksManagement","tasksManagement.taskGroup.description","Description","",2
"tasksManagement","tasksManagement.taskGroup.detailsPage.headPanelTitle","Informations g\xe9n\xe9rales","",2
"tasksManagement","tasksManagement.taskGroup.numberOfMembers","Nombre de membres","",2
"tasksManagement","tasksManagement.TaskPreviewTable.ofPages","{from} - {to} de {count}","",2
"tasksManagement","tasksManagement.TaskPreviewTable.rowsPerPage","Lignes par page","",2
"tasksManagement","tasksManagement.tasks.changelog","Historique des t\xe2ches","",2
"tasksManagement","tasksManagement.tasks.changelog.showChangelog","Afficher le journal des modifications","",2
"tools","tools.ExtractsPage.ClaimsUploadBlock.ResultDialog.success","Succ\xe8s","",2
"tools","tools.ExtractsPage.ClaimsUploadBlock.uploadBtn","T\xe9l\xe9verser","",2
"tools","tools.ExtractsPage.DownloadMasterData.downloadBtn","T\xe9l\xe9charger","",2
"tools","tools.ExtractsPage.EnrollmentsUploadBlock.ResultDialog.success","Succ\xe8s","",2
"tools","tools.ExtractsPage.EnrollmentsUploadBlock.uploadBtn","T\xe9l\xe9verser","",2
"tools","tools.ExtractsPage.OfficerDownloadBlock.downloadRenewalsBtn","T\xe9l\xe9charger les renouvellements","",2
"tools","tools.ExtractsPage.OfficerDownloadBlock.officerLabel","S\xe9lectionner l'agent","",2
"tools","tools.ExtractsPage.RenewalsUploadBlock.ResultDialog.success","Succ\xe8s","",2
"tools","tools.ExtractsPage.RenewalsUploadBlock.uploadBtn","T\xe9l\xe9verser","",2
"tools","tools.formatPicker","Format","",2
"tools","tools.formatPicker.csv","CSV","",2
"tools","tools.formatPicker.json","JSON","",2
"tools","tools.formatPicker.null","S\xe9lectionner un format","",2
"tools","tools.formatPicker.xls","XLS","",2
"tools","tools.formatPicker.xlsx","XLSX","",2
"tools","tools.formatPicker.xml","XML","",2
"tools","tools.GenerateReportPicker.formatLabel","Format de sortie","",2
"tools","tools.GenerateReportPicker.generateBtn","G\xe9n\xe9rer","",2
"tools","tools.GenerateReportPicker.triggerBtn","G\xe9n\xe9rer un rapport","",2
"tools","tools.registers_health_facilities_perms","Tools | Health Facilities","",2
"tools","tools.registers_items_perms","Tools | Items","",2
"tools","tools.registers_locations_perms","Tools | Locations","",2
"tools","tools.registers_perms","Tools | Registers","",2
"tools","tools.registers_services_perms","Tools | Services","",2
"tools","tools.RegistersPage.downloadBtn","T\xe9l\xe9charger","",2
"tools","tools.RegistersPage.dryRunLabel","Marche \xe0 vide","",2
"tools","tools.RegistersPage.healthFacilities.downloadLabel","T\xe9l\xe9charger les formations sanitaires","",2
"tools","tools.RegistersPage.healthFacilities.uploadLabel","T\xe9l\xe9verser les formations sanitaires","",2
"tools","tools.RegistersPage.healthFacilitiesBlockTitle","Formations sanitaires","",2
"tools","tools.RegistersPage.insurees.downloadLabel","T\xe9l\xe9charger les assur\xe9s","",2
"tools","tools.RegistersPage.insurees.uploadLabel","T\xe9l\xe9verser les assur\xe9s","",2
"tools","tools.RegistersPage.insureesBlockTitle","Assur\xe9s","",2
"tools","tools.RegistersPage.items.downloadLabel","T\xe9l\xe9charger produits m\xe9dicaux","",2
"tools","tools.RegistersPage.items.uploadLabel","T\xe9l\xe9verser produits m\xe9dicaux","",2
"tools","tools.RegistersPage.itemsBlockTitle","Produits m\xe9dicaux","",2
"tools","tools.RegistersPage.legacyView","Historique","",2
"tools","tools.RegistersPage.locations.downloadLabel","T\xe9l\xe9charger les lieux","",2
"tools","tools.RegistersPage.locations.uploadLabel","T\xe9l\xe9verser les lieux","",2
"tools","tools.RegistersPage.locationsBlockTitle","Sites","",2
"tools","tools.RegistersPage.modernView","Moderne","",2
"tools","tools.RegistersPage.services.downloadLabel","T\xe9l\xe9charger les actes m\xe9dicaux","",2
"tools","tools.RegistersPage.services.uploadLabel","T\xe9l\xe9verser les actes","",2
"tools","tools.RegistersPage.servicesBlockTitle","Actes","",2
"tools","tools.RegistersPage.uploadBtn","T\xe9l\xe9verser","",2
"tools","tools.report.definition","D\xe9finition","",2
"tools","tools.report.description","Description","",2
"tools","tools.report.validityFrom","Valide \xe0 partir de","",2
"tools","tools.strategyPicker","Strat\xe9gie","",2
"tools","tools.strategyPicker.INSERT","Ins\xe9rer","",2
"tools","tools.strategyPicker.null","Choisir une strat\xe9gie","",2
